run_id,split,field_source,accuracy,cross_entropy,loss,macro_per_class_accuracy,macro_auc,n_jets,best_epoch,selection_metric,best_model_selection_metric_value,selected_field_names,checkpoint,deployable_final_test,per_class_accuracy,confusion_matrix
A0,model_val,hlt_only,0.7511466666666666,0.6978804817263285,0.6978804817295075,0.7511466666666667,,150000,24,accuracy,0.7511466666666666,[],/home/ryreu/atlas/Fresh_check/checkpoints/local_particle_residual_field_hltv2_s2p5_pilot_20260714_155824/taggers/A0/best_model_val.pt,False,"[{""accuracy"": 0.6981333333333334, ""class_index"": 0, ""class_name"": ""QCD"", ""correct"": 10472, ""support"": 15000}, {""accuracy"": 0.7844, ""class_index"": 1, ""class_name"": ""Hbb"", ""correct"": 11766, ""support"": 15000}, {""accuracy"": 0.6425333333333333, ""class_index"": 2, ""class_name"": ""Hcc"", ""correct"": 9638, ""support"": 15000}, {""accuracy"": 0.7604, ""class_index"": 3, ""class_name"": ""Hgg"", ""correct"": 11406, ""support"": 15000}, {""accuracy"": 0.7448, ""class_index"": 4, ""class_name"": ""H4q"", ""correct"": 11172, ""support"": 15000}, {""accuracy"": 0.8994666666666666, ""class_index"": 5, ""class_name"": ""Hqql"", ""correct"": 13492, ""support"": 15000}, {""accuracy"": 0.4457333333333333, ""class_index"": 6, ""class_name"": ""Zqq"", ""correct"": 6686, ""support"": 15000}, {""accuracy"": 0.6949333333333333, ""class_index"": 7, ""class_name"": ""Wqq"", ""correct"": 10424, ""support"": 15000}, {""accuracy"": 0.8794666666666666, ""class_index"": 8, ""class_name"": ""Tbqq"", ""correct"": 13192, ""support"": 15000}, {""accuracy"": 0.9616, ""class_index"": 9, ""class_name"": ""Tbl"", ""correct"": 14424, ""support"": 15000}]","[[10472, 98, 323, 1532, 471, 21, 605, 1038, 324, 116], [91, 11766, 1110, 352, 155, 21, 831, 121, 489, 64], [242, 615, 9638, 1279, 1037, 54, 911, 672, 522, 30], [575, 237, 518, 11406, 1384, 5, 454, 253, 162, 6], [204, 61, 489, 1988, 11172, 40, 267, 341, 432, 6], [118, 10, 114, 25, 68, 13492, 123, 437, 17, 596], [805, 1022, 774, 783, 495, 56, 6686, 4148, 192, 39], [989, 48, 276, 375, 409, 61, 2246, 10424, 158, 14], [196, 244, 364, 234, 605, 21, 49, 71, 13192, 24], [86, 34, 12, 9, 2, 386, 12, 11, 24, 14424]]"
A0,stack_val,hlt_only,0.7495133333333334,0.7027234319114685,0.702723431930542,0.7495133333333334,,150000,24,accuracy,0.7511466666666666,[],/home/ryreu/atlas/Fresh_check/checkpoints/local_particle_residual_field_hltv2_s2p5_pilot_20260714_155824/taggers/A0/best_model_val.pt,False,"[{""accuracy"": 0.6963333333333334, ""class_index"": 0, ""class_name"": ""QCD"", ""correct"": 10445, ""support"": 15000}, {""accuracy"": 0.7842, ""class_index"": 1, ""class_name"": ""Hbb"", ""correct"": 11763, ""support"": 15000}, {""accuracy"": 0.6461333333333333, ""class_index"": 2, ""class_name"": ""Hcc"", ""correct"": 9692, ""support"": 15000}, {""accuracy"": 0.7520666666666667, ""class_index"": 3, ""class_name"": ""Hgg"", ""correct"": 11281, ""support"": 15000}, {""accuracy"": 0.7368, ""class_index"": 4, ""class_name"": ""H4q"", ""correct"": 11052, ""support"": 15000}, {""accuracy"": 0.9013333333333333, ""class_index"": 5, ""class_name"": ""Hqql"", ""correct"": 13520, ""support"": 15000}, {""accuracy"": 0.4418, ""class_index"": 6, ""class_name"": ""Zqq"", ""correct"": 6627, ""support"": 15000}, {""accuracy"": 0.6977333333333333, ""class_index"": 7, ""class_name"": ""Wqq"", ""correct"": 10466, ""support"": 15000}, {""accuracy"": 0.8804666666666666, ""class_index"": 8, ""class_name"": ""Tbqq"", ""correct"": 13207, ""support"": 15000}, {""accuracy"": 0.9582666666666667, ""class_index"": 9, ""class_name"": ""Tbl"", ""correct"": 14374, ""support"": 15000}]","[[10445, 103, 313, 1632, 429, 21, 595, 1016, 313, 133], [98, 11763, 1088, 315, 182, 23, 843, 126, 507, 55], [266, 623, 9692, 1243, 1042, 56, 875, 652, 523, 28], [594, 233, 504, 11281, 1476, 12, 454, 286, 150, 10], [207, 64, 520, 2062, 11052, 28, 261, 369, 434, 3], [106, 16, 99, 35, 75, 13520, 137, 386, 23, 603], [769, 1029, 721, 708, 547, 53, 6627, 4310, 200, 36], [983, 61, 270, 339, 395, 75, 2215, 10466, 169, 27], [168, 259, 356, 246, 601, 32, 46, 60, 13207, 25], [91, 25, 9, 5, 3, 415, 19, 21, 38, 14374]]"
A0,final_test,hlt_only,0.7493533333333333,0.700354972463555,,,,150000,24,accuracy,0.7511466666666666,[],/home/ryreu/atlas/Fresh_check/checkpoints/local_particle_residual_field_hltv2_s2p5_pilot_20260714_155824/taggers/A0/best_model_val.pt,True,,
A1,model_val,hlt_only,0.75248,0.6950926942761739,0.6950926942809423,0.75248,,150000,2,accuracy,0.75248,[],/home/ryreu/atlas/Fresh_check/checkpoints/local_particle_residual_field_hltv2_s2p5_pilot_20260714_155824/taggers/A1/best_model_val.pt,False,"[{""accuracy"": 0.7141333333333333, ""class_index"": 0, ""class_name"": ""QCD"", ""correct"": 10712, ""support"": 15000}, {""accuracy"": 0.8222666666666667, ""class_index"": 1, ""class_name"": ""Hbb"", ""correct"": 12334, ""support"": 15000}, {""accuracy"": 0.6274, ""class_index"": 2, ""class_name"": ""Hcc"", ""correct"": 9411, ""support"": 15000}, {""accuracy"": 0.6768666666666666, ""class_index"": 3, ""class_name"": ""Hgg"", ""correct"": 10153, ""support"": 15000}, {""accuracy"": 0.7846666666666666, ""class_index"": 4, ""class_name"": ""H4q"", ""correct"": 11770, ""support"": 15000}, {""accuracy"": 0.9122, ""class_index"": 5, ""class_name"": ""Hqql"", ""correct"": 13683, ""support"": 15000}, {""accuracy"": 0.4604, ""class_index"": 6, ""class_name"": ""Zqq"", ""correct"": 6906, ""support"": 15000}, {""accuracy"": 0.6864, ""class_index"": 7, ""class_name"": ""Wqq"", ""correct"": 10296, ""support"": 15000}, {""accuracy"": 0.8907333333333334, ""class_index"": 8, ""class_name"": ""Tbqq"", ""correct"": 13361, ""support"": 15000}, {""accuracy"": 0.9497333333333333, ""class_index"": 9, ""class_name"": ""Tbl"", ""correct"": 14246, ""support"": 15000}]","[[10712, 114, 326, 1101, 575, 26, 700, 1003, 380, 63], [95, 12334, 765, 294, 153, 22, 756, 107, 440, 34], [279, 999, 9411, 885, 1121, 66, 988, 632, 598, 21], [746, 297, 664, 10153, 2064, 8, 604, 237, 222, 5], [204, 87, 504, 1202, 11770, 51, 339, 296, 543, 4], [113, 24, 105, 11, 67, 13683, 137, 366, 28, 466], [797, 1137, 752, 504, 580, 71, 6906, 4029, 202, 22], [967, 49, 264, 216, 432, 107, 2463, 10296, 199, 7], [165, 315, 305, 117, 597, 15, 57, 52, 13361, 16], [129, 54, 16, 7, 2, 495, 16, 13, 22, 14246]]"
A1,stack_val,hlt_only,0.7499466666666667,0.7008110891183217,0.7008110891342163,0.7499466666666667,,150000,2,accuracy,0.75248,[],/home/ryreu/atlas/Fresh_check/checkpoints/local_particle_residual_field_hltv2_s2p5_pilot_20260714_155824/taggers/A1/best_model_val.pt,False,"[{""accuracy"": 0.7079333333333333, ""class_index"": 0, ""class_name"": ""QCD"", ""correct"": 10619, ""support"": 15000}, {""accuracy"": 0.8266666666666667, ""class_index"": 1, ""class_name"": ""Hbb"", ""correct"": 12400, ""support"": 15000}, {""accuracy"": 0.6204666666666667, ""class_index"": 2, ""class_name"": ""Hcc"", ""correct"": 9307, ""support"": 15000}, {""accuracy"": 0.6713333333333333, ""class_index"": 3, ""class_name"": ""Hgg"", ""correct"": 10070, ""support"": 15000}, {""accuracy"": 0.7806666666666666, ""class_index"": 4, ""class_name"": ""H4q"", ""correct"": 11710, ""support"": 15000}, {""accuracy"": 0.9130666666666667, ""class_index"": 5, ""class_name"": ""Hqql"", ""correct"": 13696, ""support"": 15000}, {""accuracy"": 0.45213333333333333, ""class_index"": 6, ""class_name"": ""Zqq"", ""correct"": 6782, ""support"": 15000}, {""accuracy"": 0.6911333333333334, ""class_index"": 7, ""class_name"": ""Wqq"", ""correct"": 10367, ""support"": 15000}, {""accuracy"": 0.8921333333333333, ""class_index"": 8, ""class_name"": ""Tbqq"", ""correct"": 13382, ""support"": 15000}, {""accuracy"": 0.9439333333333333, ""class_index"": 9, ""class_name"": ""Tbl"", ""correct"": 14159, ""support"": 15000}]","[[10619, 135, 312, 1180, 576, 25, 678, 1028, 379, 68], [93, 12400, 717, 258, 178, 19, 744, 120, 444, 27], [307, 1036, 9307, 875, 1171, 79, 990, 609, 610, 16], [741, 270, 641, 10070, 2121, 14, 620, 289, 231, 3], [220, 96, 560, 1227, 11710, 37, 323, 324, 502, 1], [111, 21, 104, 25, 71, 13696, 141, 342, 25, 464], [769, 1146, 708, 454, 615, 80, 6782, 4223, 201, 22], [954, 53, 268, 188, 450, 124, 2397, 10367, 187, 12], [137, 318, 307, 92, 609, 28, 58, 55, 13382, 14], [128, 39, 8, 2, 6, 572, 22, 22, 42, 14159]]"
A2,model_val,hlt_only,0.7529466666666667,0.6947952482382457,0.6947952482398351,0.7529466666666667,,150000,18,accuracy,0.7529466666666667,[],/home/ryreu/atlas/Fresh_check/checkpoints/local_particle_residual_field_hltv2_s2p5_pilot_20260714_155824/taggers/A2/best_model_val.pt,False,"[{""accuracy"": 0.7310666666666666, ""class_index"": 0, ""class_name"": ""QCD"", ""correct"": 10966, ""support"": 15000}, {""accuracy"": 0.822, ""class_index"": 1, ""class_name"": ""Hbb"", ""correct"": 12330, ""support"": 15000}, {""accuracy"": 0.6414666666666666, ""class_index"": 2, ""class_name"": ""Hcc"", ""correct"": 9622, ""support"": 15000}, {""accuracy"": 0.7262, ""class_index"": 3, ""class_name"": ""Hgg"", ""correct"": 10893, ""support"": 15000}, {""accuracy"": 0.7521333333333333, ""class_index"": 4, ""class_name"": ""H4q"", ""correct"": 11282, ""support"": 15000}, {""accuracy"": 0.9206, ""class_index"": 5, ""class_name"": ""Hqql"", ""correct"": 13809, ""support"": 15000}, {""accuracy"": 0.4096, ""class_index"": 6, ""class_name"": ""Zqq"", ""correct"": 6144, ""support"": 15000}, {""accuracy"": 0.7195333333333334, ""class_index"": 7, ""class_name"": ""Wqq"", ""correct"": 10793, ""support"": 15000}, {""accuracy"": 0.8627333333333334, ""class_index"": 8, ""class_name"": ""Tbqq"", ""correct"": 12941, ""support"": 15000}, {""accuracy"": 0.9441333333333334, ""class_index"": 9, ""class_name"": ""Tbl"", ""correct"": 14162, ""support"": 15000}]","[[10966, 123, 272, 1258, 474, 53, 539, 978, 275, 62], [123, 12330, 882, 329, 123, 37, 701, 105, 325, 45], [373, 748, 9622, 1047, 1083, 85, 954, 659, 403, 26], [815, 289, 592, 10893, 1449, 11, 493, 302, 151, 5], [277, 94, 525, 1788, 11282, 44, 291, 339, 355, 5], [107, 17, 91, 23, 69, 13809, 114, 336, 16, 418], [952, 1247, 746, 588, 510, 91, 6144, 4544, 153, 25], [1132, 50, 265, 250, 396, 136, 1822, 10793, 143, 13], [280, 409, 392, 206, 595, 21, 61, 67, 12941, 28], [122, 46, 16, 10, 0, 601, 15, 10, 18, 14162]]"
A2,stack_val,hlt_only,0.75122,0.6998979653231303,0.6998979653263092,0.75122,,150000,18,accuracy,0.7529466666666667,[],/home/ryreu/atlas/Fresh_check/checkpoints/local_particle_residual_field_hltv2_s2p5_pilot_20260714_155824/taggers/A2/best_model_val.pt,False,"[{""accuracy"": 0.7266666666666667, ""class_index"": 0, ""class_name"": ""QCD"", ""correct"": 10900, ""support"": 15000}, {""accuracy"": 0.8244666666666667, ""class_index"": 1, ""class_name"": ""Hbb"", ""correct"": 12367, ""support"": 15000}, {""accuracy"": 0.6366666666666667, ""class_index"": 2, ""class_name"": ""Hcc"", ""correct"": 9550, ""support"": 15000}, {""accuracy"": 0.7222666666666666, ""class_index"": 3, ""class_name"": ""Hgg"", ""correct"": 10834, ""support"": 15000}, {""accuracy"": 0.7477333333333334, ""class_index"": 4, ""class_name"": ""H4q"", ""correct"": 11216, ""support"": 15000}, {""accuracy"": 0.9239333333333334, ""class_index"": 5, ""class_name"": ""Hqql"", ""correct"": 13859, ""support"": 15000}, {""accuracy"": 0.4068, ""class_index"": 6, ""class_name"": ""Zqq"", ""correct"": 6102, ""support"": 15000}, {""accuracy"": 0.7190666666666666, ""class_index"": 7, ""class_name"": ""Wqq"", ""correct"": 10786, ""support"": 15000}, {""accuracy"": 0.8616666666666667, ""class_index"": 8, ""class_name"": ""Tbqq"", ""correct"": 12925, ""support"": 15000}, {""accuracy"": 0.9429333333333333, ""class_index"": 9, ""class_name"": ""Tbl"", ""correct"": 14144, ""support"": 15000}]","[[10900, 130, 289, 1320, 456, 54, 507, 1007, 262, 75], [99, 12367, 865, 323, 142, 30, 684, 126, 331, 33], [381, 799, 9550, 1060, 1065, 77, 953, 638, 456, 21], [830, 255, 539, 10834, 1515, 20, 539, 318, 145, 5], [270, 77, 536, 1840, 11216, 44, 279, 359, 375, 4], [108, 16, 93, 27, 64, 13859, 110, 315, 18, 390], [947, 1195, 712, 560, 532, 110, 6102, 4668, 158, 16], [1130, 57, 267, 219, 419, 158, 1792, 10786, 154, 18], [253, 412, 424, 178, 622, 33, 59, 63, 12925, 31], [126, 38, 6, 3, 3, 614, 22, 20, 24, 14144]]"
B0,model_val,oracle,0.78812,0.6029203686078389,0.602920368613402,0.7881199999999999,,150000,20,accuracy,0.78812,"[""r0p02.delta_log_pt_sum"", ""r0p02.delta_pt_frac"", ""r0p02.missing_pt_frac"", ""r0p02.extra_pt_frac"", ""r0p02.delta_log_energy_sum"", ""r0p02.delta_eta_centroid"", ""r0p02.delta_phi_centroid"", ""r0p02.delta_r_centroid"", ""r0p02.delta_log_n"", ""r0p02.missing_n_frac"", ""r0p02.delta_charged_hadron_frac"", ""r0p02.delta_neutral_hadron_frac"", ""r0p02.delta_photon_frac"", ""r0p02.delta_electron_frac"", ""r0p02.delta_muon_frac""]",/home/ryreu/atlas/Fresh_check/checkpoints/local_particle_residual_field_hltv2_s2p5_pilot_20260714_155824/taggers/B0/best_model_val.pt,False,"[{""accuracy"": 0.7134, ""class_index"": 0, ""class_name"": ""QCD"", ""correct"": 10701, ""support"": 15000}, {""accuracy"": 0.8234, ""class_index"": 1, ""class_name"": ""Hbb"", ""correct"": 12351, ""support"": 15000}, {""accuracy"": 0.6903333333333334, ""class_index"": 2, ""class_name"": ""Hcc"", ""correct"": 10355, ""support"": 15000}, {""accuracy"": 0.772, ""class_index"": 3, ""class_name"": ""Hgg"", ""correct"": 11580, ""support"": 15000}, {""accuracy"": 0.7482, ""class_index"": 4, ""class_name"": ""H4q"", ""correct"": 11223, ""support"": 15000}, {""accuracy"": 0.9368666666666666, ""class_index"": 5, ""class_name"": ""Hqql"", ""correct"": 14053, ""support"": 15000}, {""accuracy"": 0.5989333333333333, ""class_index"": 6, ""class_name"": ""Zqq"", ""correct"": 8984, ""support"": 15000}, {""accuracy"": 0.7127333333333333, ""class_index"": 7, ""class_name"": ""Wqq"", ""correct"": 10691, ""support"": 15000}, {""accuracy"": 0.9163333333333333, ""class_index"": 8, ""class_name"": ""Tbqq"", ""correct"": 13745, ""support"": 15000}, {""accuracy"": 0.969, ""class_index"": 9, ""class_name"": ""Tbl"", ""correct"": 14535, ""support"": 15000}]","[[10701, 99, 326, 1312, 363, 24, 737, 1068, 326, 44], [79, 12351, 963, 288, 107, 26, 678, 51, 406, 51], [257, 689, 10355, 1393, 847, 66, 690, 279, 398, 26], [578, 330, 499, 11580, 1317, 15, 378, 144, 152, 7], [180, 113, 568, 1906, 11223, 48, 296, 271, 389, 6], [28, 11, 56, 4, 25, 14053, 62, 191, 24, 546], [655, 647, 507, 467, 358, 79, 8984, 3106, 170, 27], [796, 14, 138, 161, 297, 111, 2635, 10691, 145, 12], [193, 255, 240, 138, 262, 15, 50, 88, 13745, 14], [51, 24, 3, 6, 0, 335, 17, 5, 24, 14535]]"
B0,stack_val,oracle,0.7854,0.6089014047145843,0.6089014047209422,0.7854,,150000,20,accuracy,0.78812,"[""r0p02.delta_log_pt_sum"", ""r0p02.delta_pt_frac"", ""r0p02.missing_pt_frac"", ""r0p02.extra_pt_frac"", ""r0p02.delta_log_energy_sum"", ""r0p02.delta_eta_centroid"", ""r0p02.delta_phi_centroid"", ""r0p02.delta_r_centroid"", ""r0p02.delta_log_n"", ""r0p02.missing_n_frac"", ""r0p02.delta_charged_hadron_frac"", ""r0p02.delta_neutral_hadron_frac"", ""r0p02.delta_photon_frac"", ""r0p02.delta_electron_frac"", ""r0p02.delta_muon_frac""]",/home/ryreu/atlas/Fresh_check/checkpoints/local_particle_residual_field_hltv2_s2p5_pilot_20260714_155824/taggers/B0/best_model_val.pt,False,"[{""accuracy"": 0.7059333333333333, ""class_index"": 0, ""class_name"": ""QCD"", ""correct"": 10589, ""support"": 15000}, {""accuracy"": 0.8218, ""class_index"": 1, ""class_name"": ""Hbb"", ""correct"": 12327, ""support"": 15000}, {""accuracy"": 0.6892, ""class_index"": 2, ""class_name"": ""Hcc"", ""correct"": 10338, ""support"": 15000}, {""accuracy"": 0.7686666666666667, ""class_index"": 3, ""class_name"": ""Hgg"", ""correct"": 11530, ""support"": 15000}, {""accuracy"": 0.7397333333333334, ""class_index"": 4, ""class_name"": ""H4q"", ""correct"": 11096, ""support"": 15000}, {""accuracy"": 0.9392666666666667, ""class_index"": 5, ""class_name"": ""Hqql"", ""correct"": 14089, ""support"": 15000}, {""accuracy"": 0.596, ""class_index"": 6, ""class_name"": ""Zqq"", ""correct"": 8940, ""support"": 15000}, {""accuracy"": 0.7127333333333333, ""class_index"": 7, ""class_name"": ""Wqq"", ""correct"": 10691, ""support"": 15000}, {""accuracy"": 0.9166, ""class_index"": 8, ""class_name"": ""Tbqq"", ""correct"": 13749, ""support"": 15000}, {""accuracy"": 0.9640666666666666, ""class_index"": 9, ""class_name"": ""Tbl"", ""correct"": 14461, ""support"": 15000}]","[[10589, 125, 293, 1418, 354, 22, 717, 1110, 316, 56], [68, 12327, 986, 267, 116, 20, 702, 62, 415, 37], [261, 698, 10338, 1392, 841, 50, 694, 251, 442, 33], [599, 305, 479, 11530, 1329, 9, 435, 160, 152, 2], [188, 128, 587, 1923, 11096, 41, 357, 281, 397, 2], [31, 9, 43, 5, 27, 14089, 76, 185, 26, 509], [664, 596, 484, 420, 369, 88, 8940, 3266, 156, 17], [782, 13, 145, 154, 269, 140, 2634, 10691, 162, 10], [165, 241, 265, 142, 246, 28, 39, 102, 13749, 23], [63, 24, 2, 2, 4, 399, 11, 10, 24, 14461]]"
B1,model_val,oracle,0.7898533333333333,0.5941570992406209,0.5941570992437999,0.7898533333333333,,150000,19,accuracy,0.7898533333333333,"[""r0p02.delta_log_pt_sum"", ""r0p02.delta_pt_frac"", ""r0p02.missing_pt_frac"", ""r0p02.extra_pt_frac"", ""r0p02.delta_log_energy_sum"", ""r0p02.delta_eta_centroid"", ""r0p02.delta_phi_centroid"", ""r0p02.delta_r_centroid"", ""r0p02.delta_log_n"", ""r0p02.missing_n_frac"", ""r0p02.delta_charged_hadron_frac"", ""r0p02.delta_neutral_hadron_frac"", ""r0p02.delta_photon_frac"", ""r0p02.delta_electron_frac"", ""r0p02.delta_muon_frac"", ""r0p05.delta_log_pt_sum"", ""r0p05.delta_pt_frac"", ""r0p05.missing_pt_frac"", ""r0p05.extra_pt_frac"", ""r0p05.delta_log_energy_sum"", ""r0p05.delta_eta_centroid"", ""r0p05.delta_phi_centroid"", ""r0p05.delta_r_centroid"", ""r0p05.delta_log_n"", ""r0p05.missing_n_frac"", ""r0p05.delta_charged_hadron_frac"", ""r0p05.delta_neutral_hadron_frac"", ""r0p05.delta_photon_frac"", ""r0p05.delta_electron_frac"", ""r0p05.delta_muon_frac"", ""r0p1.delta_log_pt_sum"", ""r0p1.delta_pt_frac"", ""r0p1.missing_pt_frac"", ""r0p1.extra_pt_frac"", ""r0p1.delta_log_energy_sum"", ""r0p1.delta_eta_centroid"", ""r0p1.delta_phi_centroid"", ""r0p1.delta_r_centroid"", ""r0p1.delta_log_n"", ""r0p1.missing_n_frac"", ""r0p1.delta_charged_hadron_frac"", ""r0p1.delta_neutral_hadron_frac"", ""r0p1.delta_photon_frac"", ""r0p1.delta_electron_frac"", ""r0p1.delta_muon_frac"", ""flag.is_merged_token"", ""flag.has_missing_local_activity"", ""flag.has_large_local_shift"", ""local_reliability_score"", ""target_uncertainty_scale""]",/home/ryreu/atlas/Fresh_check/checkpoints/local_particle_residual_field_hltv2_s2p5_pilot_20260714_155824/taggers/B1/best_model_val.pt,False,"[{""accuracy"": 0.7312, ""class_index"": 0, ""class_name"": ""QCD"", ""correct"": 10968, ""support"": 15000}, {""accuracy"": 0.8349333333333333, ""class_index"": 1, ""class_name"": ""Hbb"", ""correct"": 12524, ""support"": 15000}, {""accuracy"": 0.7278666666666667, ""class_index"": 2, ""class_name"": ""Hcc"", ""correct"": 10918, ""support"": 15000}, {""accuracy"": 0.7246, ""class_index"": 3, ""class_name"": ""Hgg"", ""correct"": 10869, ""support"": 15000}, {""accuracy"": 0.7996666666666666, ""class_index"": 4, ""class_name"": ""H4q"", ""correct"": 11995, ""support"": 15000}, {""accuracy"": 0.9518666666666666, ""class_index"": 5, ""class_name"": ""Hqql"", ""correct"": 14278, ""support"": 15000}, {""accuracy"": 0.568, ""class_index"": 6, ""class_name"": ""Zqq"", ""correct"": 8520, ""support"": 15000}, {""accuracy"": 0.6823333333333333, ""class_index"": 7, ""class_name"": ""Wqq"", ""correct"": 10235, ""support"": 15000}, {""accuracy"": 0.9186666666666666, ""class_index"": 8, ""class_name"": ""Tbqq"", ""correct"": 13780, ""support"": 15000}, {""accuracy"": 0.9594, ""class_index"": 9, ""class_name"": ""Tbl"", ""correct"": 14391, ""support"": 15000}]","[[10968, 113, 444, 1247, 477, 24, 578, 782, 332, 35], [98, 12524, 985, 304, 120, 21, 511, 32, 377, 28], [232, 739, 10918, 886, 1000, 66, 536, 208, 398, 17], [612, 281, 1002, 10869, 1727, 7, 247, 93, 160, 2], [157, 82, 615, 1392, 11995, 47, 169, 183, 355, 5], [28, 10, 64, 3, 50, 14278, 39, 140, 16, 372], [825, 765, 718, 513, 539, 89, 8520, 2811, 204, 16], [978, 21, 210, 198, 395, 132, 2642, 10235, 184, 5], [173, 222, 259, 108, 348, 20, 33, 44, 13780, 13], [48, 32, 11, 4, 0, 490, 9, 1, 14, 14391]]"
B1,stack_val,oracle,0.78856,0.5984350453344981,0.5984350453456243,0.7885600000000001,,150000,19,accuracy,0.7898533333333333,"[""r0p02.delta_log_pt_sum"", ""r0p02.delta_pt_frac"", ""r0p02.missing_pt_frac"", ""r0p02.extra_pt_frac"", ""r0p02.delta_log_energy_sum"", ""r0p02.delta_eta_centroid"", ""r0p02.delta_phi_centroid"", ""r0p02.delta_r_centroid"", ""r0p02.delta_log_n"", ""r0p02.missing_n_frac"", ""r0p02.delta_charged_hadron_frac"", ""r0p02.delta_neutral_hadron_frac"", ""r0p02.delta_photon_frac"", ""r0p02.delta_electron_frac"", ""r0p02.delta_muon_frac"", ""r0p05.delta_log_pt_sum"", ""r0p05.delta_pt_frac"", ""r0p05.missing_pt_frac"", ""r0p05.extra_pt_frac"", ""r0p05.delta_log_energy_sum"", ""r0p05.delta_eta_centroid"", ""r0p05.delta_phi_centroid"", ""r0p05.delta_r_centroid"", ""r0p05.delta_log_n"", ""r0p05.missing_n_frac"", ""r0p05.delta_charged_hadron_frac"", ""r0p05.delta_neutral_hadron_frac"", ""r0p05.delta_photon_frac"", ""r0p05.delta_electron_frac"", ""r0p05.delta_muon_frac"", ""r0p1.delta_log_pt_sum"", ""r0p1.delta_pt_frac"", ""r0p1.missing_pt_frac"", ""r0p1.extra_pt_frac"", ""r0p1.delta_log_energy_sum"", ""r0p1.delta_eta_centroid"", ""r0p1.delta_phi_centroid"", ""r0p1.delta_r_centroid"", ""r0p1.delta_log_n"", ""r0p1.missing_n_frac"", ""r0p1.delta_charged_hadron_frac"", ""r0p1.delta_neutral_hadron_frac"", ""r0p1.delta_photon_frac"", ""r0p1.delta_electron_frac"", ""r0p1.delta_muon_frac"", ""flag.is_merged_token"", ""flag.has_missing_local_activity"", ""flag.has_large_local_shift"", ""local_reliability_score"", ""target_uncertainty_scale""]",/home/ryreu/atlas/Fresh_check/checkpoints/local_particle_residual_field_hltv2_s2p5_pilot_20260714_155824/taggers/B1/best_model_val.pt,False,"[{""accuracy"": 0.7238666666666667, ""class_index"": 0, ""class_name"": ""QCD"", ""correct"": 10858, ""support"": 15000}, {""accuracy"": 0.8344, ""class_index"": 1, ""class_name"": ""Hbb"", ""correct"": 12516, ""support"": 15000}, {""accuracy"": 0.7266666666666667, ""class_index"": 2, ""class_name"": ""Hcc"", ""correct"": 10900, ""support"": 15000}, {""accuracy"": 0.7246, ""class_index"": 3, ""class_name"": ""Hgg"", ""correct"": 10869, ""support"": 15000}, {""accuracy"": 0.7944666666666667, ""class_index"": 4, ""class_name"": ""H4q"", ""correct"": 11917, ""support"": 15000}, {""accuracy"": 0.9566, ""class_index"": 5, ""class_name"": ""Hqql"", ""correct"": 14349, ""support"": 15000}, {""accuracy"": 0.5740666666666666, ""class_index"": 6, ""class_name"": ""Zqq"", ""correct"": 8611, ""support"": 15000}, {""accuracy"": 0.676, ""class_index"": 7, ""class_name"": ""Wqq"", ""correct"": 10140, ""support"": 15000}, {""accuracy"": 0.9218, ""class_index"": 8, ""class_name"": ""Tbqq"", ""correct"": 13827, ""support"": 15000}, {""accuracy"": 0.9531333333333334, ""class_index"": 9, ""class_name"": ""Tbl"", ""correct"": 14297, ""support"": 15000}]","[[10858, 129, 400, 1292, 506, 25, 580, 815, 363, 32], [88, 12516, 996, 316, 127, 17, 511, 38, 370, 21], [242, 735, 10900, 866, 1054, 62, 530, 171, 420, 20], [619, 262, 941, 10869, 1785, 11, 235, 117, 158, 3], [163, 95, 629, 1452, 11917, 35, 174, 191, 342, 2], [20, 18, 45, 6, 44, 14349, 52, 116, 20, 330], [779, 733, 679, 468, 562, 103, 8611, 2864, 194, 7], [986, 27, 215, 159, 400, 144, 2713, 10140, 208, 8], [147, 238, 259, 105, 299, 31, 34, 39, 13827, 21], [45, 44, 4, 2, 3, 569, 7, 8, 21, 14297]]"
B2,model_val,oracle,0.78812,0.6029203686078389,0.602920368613402,0.7881199999999999,,150000,20,accuracy,0.78812,"[""r0p02.delta_log_pt_sum"", ""r0p02.delta_pt_frac"", ""r0p02.missing_pt_frac"", ""r0p02.extra_pt_frac"", ""r0p02.delta_log_energy_sum"", ""r0p05.delta_log_pt_sum"", ""r0p05.delta_pt_frac"", ""r0p05.missing_pt_frac"", ""r0p05.extra_pt_frac"", ""r0p05.delta_log_energy_sum"", ""r0p1.delta_log_pt_sum"", ""r0p1.delta_pt_frac"", ""r0p1.missing_pt_frac"", ""r0p1.extra_pt_frac"", ""r0p1.delta_log_energy_sum""]",/home/ryreu/atlas/Fresh_check/checkpoints/local_particle_residual_field_hltv2_s2p5_pilot_20260714_155824/taggers/B2/best_model_val.pt,False,"[{""accuracy"": 0.7134, ""class_index"": 0, ""class_name"": ""QCD"", ""correct"": 10701, ""support"": 15000}, {""accuracy"": 0.8234, ""class_index"": 1, ""class_name"": ""Hbb"", ""correct"": 12351, ""support"": 15000}, {""accuracy"": 0.6903333333333334, ""class_index"": 2, ""class_name"": ""Hcc"", ""correct"": 10355, ""support"": 15000}, {""accuracy"": 0.772, ""class_index"": 3, ""class_name"": ""Hgg"", ""correct"": 11580, ""support"": 15000}, {""accuracy"": 0.7482, ""class_index"": 4, ""class_name"": ""H4q"", ""correct"": 11223, ""support"": 15000}, {""accuracy"": 0.9368666666666666, ""class_index"": 5, ""class_name"": ""Hqql"", ""correct"": 14053, ""support"": 15000}, {""accuracy"": 0.5989333333333333, ""class_index"": 6, ""class_name"": ""Zqq"", ""correct"": 8984, ""support"": 15000}, {""accuracy"": 0.7127333333333333, ""class_index"": 7, ""class_name"": ""Wqq"", ""correct"": 10691, ""support"": 15000}, {""accuracy"": 0.9163333333333333, ""class_index"": 8, ""class_name"": ""Tbqq"", ""correct"": 13745, ""support"": 15000}, {""accuracy"": 0.969, ""class_index"": 9, ""class_name"": ""Tbl"", ""correct"": 14535, ""support"": 15000}]","[[10701, 99, 326, 1312, 363, 24, 737, 1068, 326, 44], [79, 12351, 963, 288, 107, 26, 678, 51, 406, 51], [257, 689, 10355, 1393, 847, 66, 690, 279, 398, 26], [578, 330, 499, 11580, 1317, 15, 378, 144, 152, 7], [180, 113, 568, 1906, 11223, 48, 296, 271, 389, 6], [28, 11, 56, 4, 25, 14053, 62, 191, 24, 546], [655, 647, 507, 467, 358, 79, 8984, 3106, 170, 27], [796, 14, 138, 161, 297, 111, 2635, 10691, 145, 12], [193, 255, 240, 138, 262, 15, 50, 88, 13745, 14], [51, 24, 3, 6, 0, 335, 17, 5, 24, 14535]]"
B2,stack_val,oracle,0.7854,0.6089014047145843,0.6089014047209422,0.7854,,150000,20,accuracy,0.78812,"[""r0p02.delta_log_pt_sum"", ""r0p02.delta_pt_frac"", ""r0p02.missing_pt_frac"", ""r0p02.extra_pt_frac"", ""r0p02.delta_log_energy_sum"", ""r0p05.delta_log_pt_sum"", ""r0p05.delta_pt_frac"", ""r0p05.missing_pt_frac"", ""r0p05.extra_pt_frac"", ""r0p05.delta_log_energy_sum"", ""r0p1.delta_log_pt_sum"", ""r0p1.delta_pt_frac"", ""r0p1.missing_pt_frac"", ""r0p1.extra_pt_frac"", ""r0p1.delta_log_energy_sum""]",/home/ryreu/atlas/Fresh_check/checkpoints/local_particle_residual_field_hltv2_s2p5_pilot_20260714_155824/taggers/B2/best_model_val.pt,False,"[{""accuracy"": 0.7059333333333333, ""class_index"": 0, ""class_name"": ""QCD"", ""correct"": 10589, ""support"": 15000}, {""accuracy"": 0.8218, ""class_index"": 1, ""class_name"": ""Hbb"", ""correct"": 12327, ""support"": 15000}, {""accuracy"": 0.6892, ""class_index"": 2, ""class_name"": ""Hcc"", ""correct"": 10338, ""support"": 15000}, {""accuracy"": 0.7686666666666667, ""class_index"": 3, ""class_name"": ""Hgg"", ""correct"": 11530, ""support"": 15000}, {""accuracy"": 0.7397333333333334, ""class_index"": 4, ""class_name"": ""H4q"", ""correct"": 11096, ""support"": 15000}, {""accuracy"": 0.9392666666666667, ""class_index"": 5, ""class_name"": ""Hqql"", ""correct"": 14089, ""support"": 15000}, {""accuracy"": 0.596, ""class_index"": 6, ""class_name"": ""Zqq"", ""correct"": 8940, ""support"": 15000}, {""accuracy"": 0.7127333333333333, ""class_index"": 7, ""class_name"": ""Wqq"", ""correct"": 10691, ""support"": 15000}, {""accuracy"": 0.9166, ""class_index"": 8, ""class_name"": ""Tbqq"", ""correct"": 13749, ""support"": 15000}, {""accuracy"": 0.9640666666666666, ""class_index"": 9, ""class_name"": ""Tbl"", ""correct"": 14461, ""support"": 15000}]","[[10589, 125, 293, 1418, 354, 22, 717, 1110, 316, 56], [68, 12327, 986, 267, 116, 20, 702, 62, 415, 37], [261, 698, 10338, 1392, 841, 50, 694, 251, 442, 33], [599, 305, 479, 11530, 1329, 9, 435, 160, 152, 2], [188, 128, 587, 1923, 11096, 41, 357, 281, 397, 2], [31, 9, 43, 5, 27, 14089, 76, 185, 26, 509], [664, 596, 484, 420, 369, 88, 8940, 3266, 156, 17], [782, 13, 145, 154, 269, 140, 2634, 10691, 162, 10], [165, 241, 265, 142, 246, 28, 39, 102, 13749, 23], [63, 24, 2, 2, 4, 399, 11, 10, 24, 14461]]"
B3,model_val,oracle,0.7891666666666667,0.6019401328659058,0.60194013286829,0.7891666666666666,,150000,20,accuracy,0.7891666666666667,"[""r0p02.delta_log_pt_sum"", ""r0p02.delta_pt_frac"", ""r0p02.missing_pt_frac"", ""r0p02.extra_pt_frac"", ""r0p02.delta_log_energy_sum"", ""r0p05.delta_log_pt_sum"", ""r0p05.delta_pt_frac"", ""r0p05.missing_pt_frac"", ""r0p05.extra_pt_frac"", ""r0p05.delta_log_energy_sum"", ""r0p1.delta_log_pt_sum"", ""r0p1.delta_pt_frac"", ""r0p1.missing_pt_frac"", ""r0p1.extra_pt_frac"", ""r0p1.delta_log_energy_sum"", ""r0p02.delta_log_n"", ""r0p02.missing_n_frac"", ""r0p05.delta_log_n"", ""r0p05.missing_n_frac"", ""r0p1.delta_log_n"", ""r0p1.missing_n_frac""]",/home/ryreu/atlas/Fresh_check/checkpoints/local_particle_residual_field_hltv2_s2p5_pilot_20260714_155824/taggers/B3/best_model_val.pt,False,"[{""accuracy"": 0.7129333333333333, ""class_index"": 0, ""class_name"": ""QCD"", ""correct"": 10694, ""support"": 15000}, {""accuracy"": 0.8232, ""class_index"": 1, ""class_name"": ""Hbb"", ""correct"": 12348, ""support"": 15000}, {""accuracy"": 0.6858, ""class_index"": 2, ""class_name"": ""Hcc"", ""correct"": 10287, ""support"": 15000}, {""accuracy"": 0.7642, ""class_index"": 3, ""class_name"": ""Hgg"", ""correct"": 11463, ""support"": 15000}, {""accuracy"": 0.7642, ""class_index"": 4, ""class_name"": ""H4q"", ""correct"": 11463, ""support"": 15000}, {""accuracy"": 0.9383333333333334, ""class_index"": 5, ""class_name"": ""Hqql"", ""correct"": 14075, ""support"": 15000}, {""accuracy"": 0.5839333333333333, ""class_index"": 6, ""class_name"": ""Zqq"", ""correct"": 8759, ""support"": 15000}, {""accuracy"": 0.7425333333333334, ""class_index"": 7, ""class_name"": ""Wqq"", ""correct"": 11138, ""support"": 15000}, {""accuracy"": 0.9100666666666667, ""class_index"": 8, ""class_name"": ""Tbqq"", ""correct"": 13651, ""support"": 15000}, {""accuracy"": 0.9664666666666667, ""class_index"": 9, ""class_name"": ""Tbl"", ""correct"": 14497, ""support"": 15000}]","[[10694, 119, 343, 1256, 412, 27, 694, 1074, 333, 48], [74, 12348, 868, 297, 112, 24, 823, 53, 352, 49], [238, 800, 10287, 1300, 956, 56, 650, 284, 406, 23], [590, 350, 558, 11463, 1367, 10, 364, 152, 143, 3], [172, 143, 463, 1775, 11463, 51, 269, 261, 399, 4], [25, 10, 78, 5, 37, 14075, 67, 182, 24, 497], [668, 525, 482, 412, 382, 79, 8759, 3488, 179, 26], [783, 17, 150, 154, 288, 118, 2202, 11138, 140, 10], [191, 288, 231, 142, 276, 18, 57, 130, 13651, 16], [47, 29, 7, 5, 1, 377, 14, 8, 15, 14497]]"
B3,stack_val,oracle,0.78698,0.6056692469151814,0.6056692469199498,0.78698,,150000,20,accuracy,0.7891666666666667,"[""r0p02.delta_log_pt_sum"", ""r0p02.delta_pt_frac"", ""r0p02.missing_pt_frac"", ""r0p02.extra_pt_frac"", ""r0p02.delta_log_energy_sum"", ""r0p05.delta_log_pt_sum"", ""r0p05.delta_pt_frac"", ""r0p05.missing_pt_frac"", ""r0p05.extra_pt_frac"", ""r0p05.delta_log_energy_sum"", ""r0p1.delta_log_pt_sum"", ""r0p1.delta_pt_frac"", ""r0p1.missing_pt_frac"", ""r0p1.extra_pt_frac"", ""r0p1.delta_log_energy_sum"", ""r0p02.delta_log_n"", ""r0p02.missing_n_frac"", ""r0p05.delta_log_n"", ""r0p05.missing_n_frac"", ""r0p1.delta_log_n"", ""r0p1.missing_n_frac""]",/home/ryreu/atlas/Fresh_check/checkpoints/local_particle_residual_field_hltv2_s2p5_pilot_20260714_155824/taggers/B3/best_model_val.pt,False,"[{""accuracy"": 0.711, ""class_index"": 0, ""class_name"": ""QCD"", ""correct"": 10665, ""support"": 15000}, {""accuracy"": 0.8215333333333333, ""class_index"": 1, ""class_name"": ""Hbb"", ""correct"": 12323, ""support"": 15000}, {""accuracy"": 0.6812, ""class_index"": 2, ""class_name"": ""Hcc"", ""correct"": 10218, ""support"": 15000}, {""accuracy"": 0.7572666666666666, ""class_index"": 3, ""class_name"": ""Hgg"", ""correct"": 11359, ""support"": 15000}, {""accuracy"": 0.7558, ""class_index"": 4, ""class_name"": ""H4q"", ""correct"": 11337, ""support"": 15000}, {""accuracy"": 0.9395333333333333, ""class_index"": 5, ""class_name"": ""Hqql"", ""correct"": 14093, ""support"": 15000}, {""accuracy"": 0.589, ""class_index"": 6, ""class_name"": ""Zqq"", ""correct"": 8835, ""support"": 15000}, {""accuracy"": 0.7418, ""class_index"": 7, ""class_name"": ""Wqq"", ""correct"": 11127, ""support"": 15000}, {""accuracy"": 0.9112, ""class_index"": 8, ""class_name"": ""Tbqq"", ""correct"": 13668, ""support"": 15000}, {""accuracy"": 0.9614666666666667, ""class_index"": 9, ""class_name"": ""Tbl"", ""correct"": 14422, ""support"": 15000}]","[[10665, 127, 326, 1286, 421, 30, 696, 1072, 320, 57], [57, 12323, 917, 294, 113, 18, 806, 67, 367, 38], [250, 835, 10218, 1282, 975, 53, 674, 272, 422, 19], [615, 310, 535, 11359, 1438, 7, 424, 156, 151, 5], [183, 156, 481, 1843, 11337, 49, 314, 254, 380, 3], [26, 16, 61, 4, 44, 14093, 72, 187, 29, 468], [636, 463, 460, 392, 408, 92, 8835, 3552, 150, 12], [799, 15, 148, 131, 304, 132, 2175, 11127, 160, 9], [178, 309, 235, 134, 271, 23, 62, 109, 13668, 11], [56, 28, 8, 3, 4, 435, 10, 9, 25, 14422]]"
B4,model_val,oracle,0.7898533333333333,0.5941570992406209,0.5941570992437999,0.7898533333333333,,150000,19,accuracy,0.7898533333333333,"[""r0p02.delta_log_pt_sum"", ""r0p02.delta_pt_frac"", ""r0p02.missing_pt_frac"", ""r0p02.extra_pt_frac"", ""r0p02.delta_log_energy_sum"", ""r0p02.delta_eta_centroid"", ""r0p02.delta_phi_centroid"", ""r0p02.delta_r_centroid"", ""r0p02.delta_log_n"", ""r0p02.missing_n_frac"", ""r0p02.delta_charged_hadron_frac"", ""r0p02.delta_neutral_hadron_frac"", ""r0p02.delta_photon_frac"", ""r0p02.delta_electron_frac"", ""r0p02.delta_muon_frac"", ""r0p05.delta_log_pt_sum"", ""r0p05.delta_pt_frac"", ""r0p05.missing_pt_frac"", ""r0p05.extra_pt_frac"", ""r0p05.delta_log_energy_sum"", ""r0p05.delta_eta_centroid"", ""r0p05.delta_phi_centroid"", ""r0p05.delta_r_centroid"", ""r0p05.delta_log_n"", ""r0p05.missing_n_frac"", ""r0p05.delta_charged_hadron_frac"", ""r0p05.delta_neutral_hadron_frac"", ""r0p05.delta_photon_frac"", ""r0p05.delta_electron_frac"", ""r0p05.delta_muon_frac"", ""r0p1.delta_log_pt_sum"", ""r0p1.delta_pt_frac"", ""r0p1.missing_pt_frac"", ""r0p1.extra_pt_frac"", ""r0p1.delta_log_energy_sum"", ""r0p1.delta_eta_centroid"", ""r0p1.delta_phi_centroid"", ""r0p1.delta_r_centroid"", ""r0p1.delta_log_n"", ""r0p1.missing_n_frac"", ""r0p1.delta_charged_hadron_frac"", ""r0p1.delta_neutral_hadron_frac"", ""r0p1.delta_photon_frac"", ""r0p1.delta_electron_frac"", ""r0p1.delta_muon_frac"", ""flag.is_merged_token"", ""flag.has_missing_local_activity"", ""flag.has_large_local_shift"", ""local_reliability_score"", ""target_uncertainty_scale""]",/home/ryreu/atlas/Fresh_check/checkpoints/local_particle_residual_field_hltv2_s2p5_pilot_20260714_155824/taggers/B4/best_model_val.pt,False,"[{""accuracy"": 0.7312, ""class_index"": 0, ""class_name"": ""QCD"", ""correct"": 10968, ""support"": 15000}, {""accuracy"": 0.8349333333333333, ""class_index"": 1, ""class_name"": ""Hbb"", ""correct"": 12524, ""support"": 15000}, {""accuracy"": 0.7278666666666667, ""class_index"": 2, ""class_name"": ""Hcc"", ""correct"": 10918, ""support"": 15000}, {""accuracy"": 0.7246, ""class_index"": 3, ""class_name"": ""Hgg"", ""correct"": 10869, ""support"": 15000}, {""accuracy"": 0.7996666666666666, ""class_index"": 4, ""class_name"": ""H4q"", ""correct"": 11995, ""support"": 15000}, {""accuracy"": 0.9518666666666666, ""class_index"": 5, ""class_name"": ""Hqql"", ""correct"": 14278, ""support"": 15000}, {""accuracy"": 0.568, ""class_index"": 6, ""class_name"": ""Zqq"", ""correct"": 8520, ""support"": 15000}, {""accuracy"": 0.6823333333333333, ""class_index"": 7, ""class_name"": ""Wqq"", ""correct"": 10235, ""support"": 15000}, {""accuracy"": 0.9186666666666666, ""class_index"": 8, ""class_name"": ""Tbqq"", ""correct"": 13780, ""support"": 15000}, {""accuracy"": 0.9594, ""class_index"": 9, ""class_name"": ""Tbl"", ""correct"": 14391, ""support"": 15000}]","[[10968, 113, 444, 1247, 477, 24, 578, 782, 332, 35], [98, 12524, 985, 304, 120, 21, 511, 32, 377, 28], [232, 739, 10918, 886, 1000, 66, 536, 208, 398, 17], [612, 281, 1002, 10869, 1727, 7, 247, 93, 160, 2], [157, 82, 615, 1392, 11995, 47, 169, 183, 355, 5], [28, 10, 64, 3, 50, 14278, 39, 140, 16, 372], [825, 765, 718, 513, 539, 89, 8520, 2811, 204, 16], [978, 21, 210, 198, 395, 132, 2642, 10235, 184, 5], [173, 222, 259, 108, 348, 20, 33, 44, 13780, 13], [48, 32, 11, 4, 0, 490, 9, 1, 14, 14391]]"
B4,stack_val,oracle,0.78856,0.5984350453344981,0.5984350453456243,0.7885600000000001,,150000,19,accuracy,0.7898533333333333,"[""r0p02.delta_log_pt_sum"", ""r0p02.delta_pt_frac"", ""r0p02.missing_pt_frac"", ""r0p02.extra_pt_frac"", ""r0p02.delta_log_energy_sum"", ""r0p02.delta_eta_centroid"", ""r0p02.delta_phi_centroid"", ""r0p02.delta_r_centroid"", ""r0p02.delta_log_n"", ""r0p02.missing_n_frac"", ""r0p02.delta_charged_hadron_frac"", ""r0p02.delta_neutral_hadron_frac"", ""r0p02.delta_photon_frac"", ""r0p02.delta_electron_frac"", ""r0p02.delta_muon_frac"", ""r0p05.delta_log_pt_sum"", ""r0p05.delta_pt_frac"", ""r0p05.missing_pt_frac"", ""r0p05.extra_pt_frac"", ""r0p05.delta_log_energy_sum"", ""r0p05.delta_eta_centroid"", ""r0p05.delta_phi_centroid"", ""r0p05.delta_r_centroid"", ""r0p05.delta_log_n"", ""r0p05.missing_n_frac"", ""r0p05.delta_charged_hadron_frac"", ""r0p05.delta_neutral_hadron_frac"", ""r0p05.delta_photon_frac"", ""r0p05.delta_electron_frac"", ""r0p05.delta_muon_frac"", ""r0p1.delta_log_pt_sum"", ""r0p1.delta_pt_frac"", ""r0p1.missing_pt_frac"", ""r0p1.extra_pt_frac"", ""r0p1.delta_log_energy_sum"", ""r0p1.delta_eta_centroid"", ""r0p1.delta_phi_centroid"", ""r0p1.delta_r_centroid"", ""r0p1.delta_log_n"", ""r0p1.missing_n_frac"", ""r0p1.delta_charged_hadron_frac"", ""r0p1.delta_neutral_hadron_frac"", ""r0p1.delta_photon_frac"", ""r0p1.delta_electron_frac"", ""r0p1.delta_muon_frac"", ""flag.is_merged_token"", ""flag.has_missing_local_activity"", ""flag.has_large_local_shift"", ""local_reliability_score"", ""target_uncertainty_scale""]",/home/ryreu/atlas/Fresh_check/checkpoints/local_particle_residual_field_hltv2_s2p5_pilot_20260714_155824/taggers/B4/best_model_val.pt,False,"[{""accuracy"": 0.7238666666666667, ""class_index"": 0, ""class_name"": ""QCD"", ""correct"": 10858, ""support"": 15000}, {""accuracy"": 0.8344, ""class_index"": 1, ""class_name"": ""Hbb"", ""correct"": 12516, ""support"": 15000}, {""accuracy"": 0.7266666666666667, ""class_index"": 2, ""class_name"": ""Hcc"", ""correct"": 10900, ""support"": 15000}, {""accuracy"": 0.7246, ""class_index"": 3, ""class_name"": ""Hgg"", ""correct"": 10869, ""support"": 15000}, {""accuracy"": 0.7944666666666667, ""class_index"": 4, ""class_name"": ""H4q"", ""correct"": 11917, ""support"": 15000}, {""accuracy"": 0.9566, ""class_index"": 5, ""class_name"": ""Hqql"", ""correct"": 14349, ""support"": 15000}, {""accuracy"": 0.5740666666666666, ""class_index"": 6, ""class_name"": ""Zqq"", ""correct"": 8611, ""support"": 15000}, {""accuracy"": 0.676, ""class_index"": 7, ""class_name"": ""Wqq"", ""correct"": 10140, ""support"": 15000}, {""accuracy"": 0.9218, ""class_index"": 8, ""class_name"": ""Tbqq"", ""correct"": 13827, ""support"": 15000}, {""accuracy"": 0.9531333333333334, ""class_index"": 9, ""class_name"": ""Tbl"", ""correct"": 14297, ""support"": 15000}]","[[10858, 129, 400, 1292, 506, 25, 580, 815, 363, 32], [88, 12516, 996, 316, 127, 17, 511, 38, 370, 21], [242, 735, 10900, 866, 1054, 62, 530, 171, 420, 20], [619, 262, 941, 10869, 1785, 11, 235, 117, 158, 3], [163, 95, 629, 1452, 11917, 35, 174, 191, 342, 2], [20, 18, 45, 6, 44, 14349, 52, 116, 20, 330], [779, 733, 679, 468, 562, 103, 8611, 2864, 194, 7], [986, 27, 215, 159, 400, 144, 2713, 10140, 208, 8], [147, 238, 259, 105, 299, 31, 34, 39, 13827, 21], [45, 44, 4, 2, 3, 569, 7, 8, 21, 14297]]"
D0,model_val,frozen_reconstructor,0.7495733333333333,0.7008639952325821,0.700863995235761,0.7495733333333333,,150000,22,accuracy,0.7495733333333333,"[""r0p02.delta_log_pt_sum"", ""r0p02.delta_pt_frac"", ""r0p02.missing_pt_frac"", ""r0p02.extra_pt_frac"", ""r0p02.delta_log_energy_sum"", ""r0p02.delta_eta_centroid"", ""r0p02.delta_phi_centroid"", ""r0p02.delta_r_centroid"", ""r0p02.delta_log_n"", ""r0p02.missing_n_frac"", ""r0p02.delta_charged_hadron_frac"", ""r0p02.delta_neutral_hadron_frac"", ""r0p02.delta_photon_frac"", ""r0p02.delta_electron_frac"", ""r0p02.delta_muon_frac"", ""r0p05.delta_log_pt_sum"", ""r0p05.delta_pt_frac"", ""r0p05.missing_pt_frac"", ""r0p05.extra_pt_frac"", ""r0p05.delta_log_energy_sum"", ""r0p05.delta_eta_centroid"", ""r0p05.delta_phi_centroid"", ""r0p05.delta_r_centroid"", ""r0p05.delta_log_n"", ""r0p05.missing_n_frac"", ""r0p05.delta_charged_hadron_frac"", ""r0p05.delta_neutral_hadron_frac"", ""r0p05.delta_photon_frac"", ""r0p05.delta_electron_frac"", ""r0p05.delta_muon_frac"", ""r0p1.delta_log_pt_sum"", ""r0p1.delta_pt_frac"", ""r0p1.missing_pt_frac"", ""r0p1.extra_pt_frac"", ""r0p1.delta_log_energy_sum"", ""r0p1.delta_eta_centroid"", ""r0p1.delta_phi_centroid"", ""r0p1.delta_r_centroid"", ""r0p1.delta_log_n"", ""r0p1.missing_n_frac"", ""r0p1.delta_charged_hadron_frac"", ""r0p1.delta_neutral_hadron_frac"", ""r0p1.delta_photon_frac"", ""r0p1.delta_electron_frac"", ""r0p1.delta_muon_frac"", ""flag.is_merged_token"", ""flag.has_missing_local_activity"", ""flag.has_large_local_shift"", ""local_reliability_score"", ""target_uncertainty_scale""]",/home/ryreu/atlas/Fresh_check/checkpoints/local_particle_residual_field_hltv2_s2p5_pilot_20260714_155824/taggers/D0/best_model_val.pt,False,"[{""accuracy"": 0.7222666666666666, ""class_index"": 0, ""class_name"": ""QCD"", ""correct"": 10834, ""support"": 15000}, {""accuracy"": 0.8147333333333333, ""class_index"": 1, ""class_name"": ""Hbb"", ""correct"": 12221, ""support"": 15000}, {""accuracy"": 0.6158666666666667, ""class_index"": 2, ""class_name"": ""Hcc"", ""correct"": 9238, ""support"": 15000}, {""accuracy"": 0.7362, ""class_index"": 3, ""class_name"": ""Hgg"", ""correct"": 11043, ""support"": 15000}, {""accuracy"": 0.7706666666666667, ""class_index"": 4, ""class_name"": ""H4q"", ""correct"": 11560, ""support"": 15000}, {""accuracy"": 0.9010666666666667, ""class_index"": 5, ""class_name"": ""Hqql"", ""correct"": 13516, ""support"": 15000}, {""accuracy"": 0.4106, ""class_index"": 6, ""class_name"": ""Zqq"", ""correct"": 6159, ""support"": 15000}, {""accuracy"": 0.6881333333333334, ""class_index"": 7, ""class_name"": ""Wqq"", ""correct"": 10322, ""support"": 15000}, {""accuracy"": 0.8783333333333333, ""class_index"": 8, ""class_name"": ""Tbqq"", ""correct"": 13175, ""support"": 15000}, {""accuracy"": 0.9578666666666666, ""class_index"": 9, ""class_name"": ""Tbl"", ""correct"": 14368, ""support"": 15000}]","[[10834, 142, 271, 1379, 586, 39, 412, 874, 363, 100], [112, 12221, 725, 318, 110, 21, 1045, 90, 320, 38], [362, 1064, 9238, 1218, 1120, 65, 785, 589, 536, 23], [653, 307, 514, 11043, 1696, 9, 322, 263, 186, 7], [170, 171, 437, 1709, 11560, 36, 188, 262, 463, 4], [127, 34, 111, 23, 71, 13516, 112, 335, 42, 629], [1015, 947, 820, 774, 664, 84, 6159, 4323, 187, 27], [1302, 62, 324, 333, 544, 114, 1840, 10322, 151, 8], [159, 499, 266, 183, 591, 16, 30, 66, 13175, 15], [114, 57, 13, 12, 3, 393, 12, 9, 19, 14368]]"
D0,stack_val,frozen_reconstructor,0.74622,0.7077044105307261,0.7077044105402629,0.7462200000000001,,150000,22,accuracy,0.7495733333333333,"[""r0p02.delta_log_pt_sum"", ""r0p02.delta_pt_frac"", ""r0p02.missing_pt_frac"", ""r0p02.extra_pt_frac"", ""r0p02.delta_log_energy_sum"", ""r0p02.delta_eta_centroid"", ""r0p02.delta_phi_centroid"", ""r0p02.delta_r_centroid"", ""r0p02.delta_log_n"", ""r0p02.missing_n_frac"", ""r0p02.delta_charged_hadron_frac"", ""r0p02.delta_neutral_hadron_frac"", ""r0p02.delta_photon_frac"", ""r0p02.delta_electron_frac"", ""r0p02.delta_muon_frac"", ""r0p05.delta_log_pt_sum"", ""r0p05.delta_pt_frac"", ""r0p05.missing_pt_frac"", ""r0p05.extra_pt_frac"", ""r0p05.delta_log_energy_sum"", ""r0p05.delta_eta_centroid"", ""r0p05.delta_phi_centroid"", ""r0p05.delta_r_centroid"", ""r0p05.delta_log_n"", ""r0p05.missing_n_frac"", ""r0p05.delta_charged_hadron_frac"", ""r0p05.delta_neutral_hadron_frac"", ""r0p05.delta_photon_frac"", ""r0p05.delta_electron_frac"", ""r0p05.delta_muon_frac"", ""r0p1.delta_log_pt_sum"", ""r0p1.delta_pt_frac"", ""r0p1.missing_pt_frac"", ""r0p1.extra_pt_frac"", ""r0p1.delta_log_energy_sum"", ""r0p1.delta_eta_centroid"", ""r0p1.delta_phi_centroid"", ""r0p1.delta_r_centroid"", ""r0p1.delta_log_n"", ""r0p1.missing_n_frac"", ""r0p1.delta_charged_hadron_frac"", ""r0p1.delta_neutral_hadron_frac"", ""r0p1.delta_photon_frac"", ""r0p1.delta_electron_frac"", ""r0p1.delta_muon_frac"", ""flag.is_merged_token"", ""flag.has_missing_local_activity"", ""flag.has_large_local_shift"", ""local_reliability_score"", ""target_uncertainty_scale""]",/home/ryreu/atlas/Fresh_check/checkpoints/local_particle_residual_field_hltv2_s2p5_pilot_20260714_155824/taggers/D0/best_model_val.pt,False,"[{""accuracy"": 0.7191333333333333, ""class_index"": 0, ""class_name"": ""QCD"", ""correct"": 10787, ""support"": 15000}, {""accuracy"": 0.8172666666666667, ""class_index"": 1, ""class_name"": ""Hbb"", ""correct"": 12259, ""support"": 15000}, {""accuracy"": 0.6102, ""class_index"": 2, ""class_name"": ""Hcc"", ""correct"": 9153, ""support"": 15000}, {""accuracy"": 0.7287333333333333, ""class_index"": 3, ""class_name"": ""Hgg"", ""correct"": 10931, ""support"": 15000}, {""accuracy"": 0.7644, ""class_index"": 4, ""class_name"": ""H4q"", ""correct"": 11466, ""support"": 15000}, {""accuracy"": 0.9038666666666667, ""class_index"": 5, ""class_name"": ""Hqql"", ""correct"": 13558, ""support"": 15000}, {""accuracy"": 0.3988, ""class_index"": 6, ""class_name"": ""Zqq"", ""correct"": 5982, ""support"": 15000}, {""accuracy"": 0.6884, ""class_index"": 7, ""class_name"": ""Wqq"", ""correct"": 10326, ""support"": 15000}, {""accuracy"": 0.8773333333333333, ""class_index"": 8, ""class_name"": ""Tbqq"", ""correct"": 13160, ""support"": 15000}, {""accuracy"": 0.9540666666666666, ""class_index"": 9, ""class_name"": ""Tbl"", ""correct"": 14311, ""support"": 15000}]","[[10787, 147, 252, 1432, 607, 38, 387, 898, 334, 118], [107, 12259, 717, 334, 126, 16, 1005, 107, 302, 27], [393, 1086, 9153, 1160, 1159, 68, 768, 621, 569, 23], [643, 319, 473, 10931, 1775, 10, 363, 297, 185, 4], [184, 203, 472, 1725, 11466, 30, 160, 280, 476, 4], [125, 38, 105, 31, 87, 13558, 126, 301, 35, 594], [1007, 920, 808, 728, 738, 96, 5982, 4516, 188, 17], [1265, 69, 335, 321, 554, 126, 1806, 10326, 175, 23], [139, 510, 296, 173, 606, 17, 29, 49, 13160, 21], [121, 42, 11, 9, 1, 431, 23, 17, 34, 14311]]"
D1,model_val,frozen_reconstructor,0.7515466666666667,0.6968396422386169,0.6968396422417958,0.7515466666666667,,150000,2,accuracy,0.7515466666666667,"[""r0p02.delta_log_pt_sum"", ""r0p02.delta_pt_frac"", ""r0p02.missing_pt_frac"", ""r0p02.extra_pt_frac"", ""r0p02.delta_log_energy_sum"", ""r0p02.delta_eta_centroid"", ""r0p02.delta_phi_centroid"", ""r0p02.delta_r_centroid"", ""r0p02.delta_log_n"", ""r0p02.missing_n_frac"", ""r0p02.delta_charged_hadron_frac"", ""r0p02.delta_neutral_hadron_frac"", ""r0p02.delta_photon_frac"", ""r0p02.delta_electron_frac"", ""r0p02.delta_muon_frac"", ""r0p05.delta_log_pt_sum"", ""r0p05.delta_pt_frac"", ""r0p05.missing_pt_frac"", ""r0p05.extra_pt_frac"", ""r0p05.delta_log_energy_sum"", ""r0p05.delta_eta_centroid"", ""r0p05.delta_phi_centroid"", ""r0p05.delta_r_centroid"", ""r0p05.delta_log_n"", ""r0p05.missing_n_frac"", ""r0p05.delta_charged_hadron_frac"", ""r0p05.delta_neutral_hadron_frac"", ""r0p05.delta_photon_frac"", ""r0p05.delta_electron_frac"", ""r0p05.delta_muon_frac"", ""r0p1.delta_log_pt_sum"", ""r0p1.delta_pt_frac"", ""r0p1.missing_pt_frac"", ""r0p1.extra_pt_frac"", ""r0p1.delta_log_energy_sum"", ""r0p1.delta_eta_centroid"", ""r0p1.delta_phi_centroid"", ""r0p1.delta_r_centroid"", ""r0p1.delta_log_n"", ""r0p1.missing_n_frac"", ""r0p1.delta_charged_hadron_frac"", ""r0p1.delta_neutral_hadron_frac"", ""r0p1.delta_photon_frac"", ""r0p1.delta_electron_frac"", ""r0p1.delta_muon_frac"", ""flag.is_merged_token"", ""flag.has_missing_local_activity"", ""flag.has_large_local_shift"", ""local_reliability_score"", ""target_uncertainty_scale""]",/home/ryreu/atlas/Fresh_check/checkpoints/local_particle_residual_field_hltv2_s2p5_pilot_20260714_155824/taggers/D1/best_model_val.pt,False,"[{""accuracy"": 0.7088666666666666, ""class_index"": 0, ""class_name"": ""QCD"", ""correct"": 10633, ""support"": 15000}, {""accuracy"": 0.832, ""class_index"": 1, ""class_name"": ""Hbb"", ""correct"": 12480, ""support"": 15000}, {""accuracy"": 0.6289333333333333, ""class_index"": 2, ""class_name"": ""Hcc"", ""correct"": 9434, ""support"": 15000}, {""accuracy"": 0.6761333333333334, ""class_index"": 3, ""class_name"": ""Hgg"", ""correct"": 10142, ""support"": 15000}, {""accuracy"": 0.7757333333333334, ""class_index"": 4, ""class_name"": ""H4q"", ""correct"": 11636, ""support"": 15000}, {""accuracy"": 0.9094, ""class_index"": 5, ""class_name"": ""Hqql"", ""correct"": 13641, ""support"": 15000}, {""accuracy"": 0.4517333333333333, ""class_index"": 6, ""class_name"": ""Zqq"", ""correct"": 6776, ""support"": 15000}, {""accuracy"": 0.6887333333333333, ""class_index"": 7, ""class_name"": ""Wqq"", ""correct"": 10331, ""support"": 15000}, {""accuracy"": 0.8912666666666667, ""class_index"": 8, ""class_name"": ""Tbqq"", ""correct"": 13369, ""support"": 15000}, {""accuracy"": 0.9526666666666667, ""class_index"": 9, ""class_name"": ""Tbl"", ""correct"": 14290, ""support"": 15000}]","[[10633, 132, 339, 1141, 564, 34, 671, 1022, 397, 67], [90, 12480, 709, 250, 151, 19, 709, 100, 459, 33], [282, 1096, 9434, 844, 1048, 65, 983, 607, 621, 20], [681, 362, 714, 10142, 1994, 5, 592, 268, 236, 6], [194, 115, 580, 1231, 11636, 58, 357, 320, 506, 3], [119, 29, 111, 12, 64, 13641, 134, 353, 27, 510], [793, 1220, 764, 515, 544, 75, 6776, 4089, 202, 22], [985, 59, 295, 227, 424, 104, 2382, 10331, 184, 9], [139, 341, 279, 102, 627, 16, 63, 51, 13369, 13], [124, 64, 16, 4, 3, 448, 15, 10, 26, 14290]]"
D1,stack_val,frozen_reconstructor,0.7492733333333333,0.7022750769424438,0.7022750769551596,0.7492733333333333,,150000,2,accuracy,0.7515466666666667,"[""r0p02.delta_log_pt_sum"", ""r0p02.delta_pt_frac"", ""r0p02.missing_pt_frac"", ""r0p02.extra_pt_frac"", ""r0p02.delta_log_energy_sum"", ""r0p02.delta_eta_centroid"", ""r0p02.delta_phi_centroid"", ""r0p02.delta_r_centroid"", ""r0p02.delta_log_n"", ""r0p02.missing_n_frac"", ""r0p02.delta_charged_hadron_frac"", ""r0p02.delta_neutral_hadron_frac"", ""r0p02.delta_photon_frac"", ""r0p02.delta_electron_frac"", ""r0p02.delta_muon_frac"", ""r0p05.delta_log_pt_sum"", ""r0p05.delta_pt_frac"", ""r0p05.missing_pt_frac"", ""r0p05.extra_pt_frac"", ""r0p05.delta_log_energy_sum"", ""r0p05.delta_eta_centroid"", ""r0p05.delta_phi_centroid"", ""r0p05.delta_r_centroid"", ""r0p05.delta_log_n"", ""r0p05.missing_n_frac"", ""r0p05.delta_charged_hadron_frac"", ""r0p05.delta_neutral_hadron_frac"", ""r0p05.delta_photon_frac"", ""r0p05.delta_electron_frac"", ""r0p05.delta_muon_frac"", ""r0p1.delta_log_pt_sum"", ""r0p1.delta_pt_frac"", ""r0p1.missing_pt_frac"", ""r0p1.extra_pt_frac"", ""r0p1.delta_log_energy_sum"", ""r0p1.delta_eta_centroid"", ""r0p1.delta_phi_centroid"", ""r0p1.delta_r_centroid"", ""r0p1.delta_log_n"", ""r0p1.missing_n_frac"", ""r0p1.delta_charged_hadron_frac"", ""r0p1.delta_neutral_hadron_frac"", ""r0p1.delta_photon_frac"", ""r0p1.delta_electron_frac"", ""r0p1.delta_muon_frac"", ""flag.is_merged_token"", ""flag.has_missing_local_activity"", ""flag.has_large_local_shift"", ""local_reliability_score"", ""target_uncertainty_scale""]",/home/ryreu/atlas/Fresh_check/checkpoints/local_particle_residual_field_hltv2_s2p5_pilot_20260714_155824/taggers/D1/best_model_val.pt,False,"[{""accuracy"": 0.7024666666666667, ""class_index"": 0, ""class_name"": ""QCD"", ""correct"": 10537, ""support"": 15000}, {""accuracy"": 0.8352666666666667, ""class_index"": 1, ""class_name"": ""Hbb"", ""correct"": 12529, ""support"": 15000}, {""accuracy"": 0.6252, ""class_index"": 2, ""class_name"": ""Hcc"", ""correct"": 9378, ""support"": 15000}, {""accuracy"": 0.6684, ""class_index"": 3, ""class_name"": ""Hgg"", ""correct"": 10026, ""support"": 15000}, {""accuracy"": 0.7754666666666666, ""class_index"": 4, ""class_name"": ""H4q"", ""correct"": 11632, ""support"": 15000}, {""accuracy"": 0.9102, ""class_index"": 5, ""class_name"": ""Hqql"", ""correct"": 13653, ""support"": 15000}, {""accuracy"": 0.4428666666666667, ""class_index"": 6, ""class_name"": ""Zqq"", ""correct"": 6643, ""support"": 15000}, {""accuracy"": 0.6929333333333333, ""class_index"": 7, ""class_name"": ""Wqq"", ""correct"": 10394, ""support"": 15000}, {""accuracy"": 0.8922, ""class_index"": 8, ""class_name"": ""Tbqq"", ""correct"": 13383, ""support"": 15000}, {""accuracy"": 0.9477333333333333, ""class_index"": 9, ""class_name"": ""Tbl"", ""correct"": 14216, ""support"": 15000}]","[[10537, 142, 314, 1218, 563, 32, 665, 1058, 402, 69], [83, 12529, 695, 229, 165, 19, 680, 105, 472, 23], [283, 1140, 9378, 843, 1092, 77, 968, 587, 618, 14], [707, 328, 710, 10026, 2089, 12, 602, 293, 229, 4], [198, 122, 606, 1246, 11632, 37, 345, 342, 470, 2], [110, 28, 93, 28, 75, 13653, 137, 334, 26, 516], [777, 1246, 720, 467, 560, 78, 6643, 4283, 207, 19], [972, 67, 286, 203, 417, 129, 2340, 10394, 180, 12], [120, 337, 303, 81, 628, 26, 53, 57, 13383, 12], [126, 47, 10, 1, 5, 501, 27, 21, 46, 14216]]"
D2,model_val,joint_reconstructor,0.7516333333333334,0.69675364721934,0.6997378630908331,0.7516333333333334,,150000,2,accuracy,0.7516333333333334,"[""r0p02.delta_log_pt_sum"", ""r0p02.delta_pt_frac"", ""r0p02.missing_pt_frac"", ""r0p02.extra_pt_frac"", ""r0p02.delta_log_energy_sum"", ""r0p02.delta_eta_centroid"", ""r0p02.delta_phi_centroid"", ""r0p02.delta_r_centroid"", ""r0p02.delta_log_n"", ""r0p02.missing_n_frac"", ""r0p02.delta_charged_hadron_frac"", ""r0p02.delta_neutral_hadron_frac"", ""r0p02.delta_photon_frac"", ""r0p02.delta_electron_frac"", ""r0p02.delta_muon_frac"", ""r0p05.delta_log_pt_sum"", ""r0p05.delta_pt_frac"", ""r0p05.missing_pt_frac"", ""r0p05.extra_pt_frac"", ""r0p05.delta_log_energy_sum"", ""r0p05.delta_eta_centroid"", ""r0p05.delta_phi_centroid"", ""r0p05.delta_r_centroid"", ""r0p05.delta_log_n"", ""r0p05.missing_n_frac"", ""r0p05.delta_charged_hadron_frac"", ""r0p05.delta_neutral_hadron_frac"", ""r0p05.delta_photon_frac"", ""r0p05.delta_electron_frac"", ""r0p05.delta_muon_frac"", ""r0p1.delta_log_pt_sum"", ""r0p1.delta_pt_frac"", ""r0p1.missing_pt_frac"", ""r0p1.extra_pt_frac"", ""r0p1.delta_log_energy_sum"", ""r0p1.delta_eta_centroid"", ""r0p1.delta_phi_centroid"", ""r0p1.delta_r_centroid"", ""r0p1.delta_log_n"", ""r0p1.missing_n_frac"", ""r0p1.delta_charged_hadron_frac"", ""r0p1.delta_neutral_hadron_frac"", ""r0p1.delta_photon_frac"", ""r0p1.delta_electron_frac"", ""r0p1.delta_muon_frac"", ""flag.is_merged_token"", ""flag.has_missing_local_activity"", ""flag.has_large_local_shift"", ""local_reliability_score"", ""target_uncertainty_scale""]",/home/ryreu/atlas/Fresh_check/checkpoints/local_particle_residual_field_hltv2_s2p5_pilot_20260714_155824/taggers/D2/best_model_val.pt,False,"[{""accuracy"": 0.709, ""class_index"": 0, ""class_name"": ""QCD"", ""correct"": 10635, ""support"": 15000}, {""accuracy"": 0.8325333333333333, ""class_index"": 1, ""class_name"": ""Hbb"", ""correct"": 12488, ""support"": 15000}, {""accuracy"": 0.6279333333333333, ""class_index"": 2, ""class_name"": ""Hcc"", ""correct"": 9419, ""support"": 15000}, {""accuracy"": 0.6768, ""class_index"": 3, ""class_name"": ""Hgg"", ""correct"": 10152, ""support"": 15000}, {""accuracy"": 0.7758666666666667, ""class_index"": 4, ""class_name"": ""H4q"", ""correct"": 11638, ""support"": 15000}, {""accuracy"": 0.9094666666666666, ""class_index"": 5, ""class_name"": ""Hqql"", ""correct"": 13642, ""support"": 15000}, {""accuracy"": 0.45113333333333333, ""class_index"": 6, ""class_name"": ""Zqq"", ""correct"": 6767, ""support"": 15000}, {""accuracy"": 0.69, ""class_index"": 7, ""class_name"": ""Wqq"", ""correct"": 10350, ""support"": 15000}, {""accuracy"": 0.8910666666666667, ""class_index"": 8, ""class_name"": ""Tbqq"", ""correct"": 13366, ""support"": 15000}, {""accuracy"": 0.9525333333333333, ""class_index"": 9, ""class_name"": ""Tbl"", ""correct"": 14288, ""support"": 15000}]","[[10635, 132, 335, 1142, 562, 34, 671, 1025, 397, 67], [90, 12488, 703, 249, 151, 19, 713, 100, 453, 34], [282, 1102, 9419, 844, 1051, 65, 989, 610, 618, 20], [681, 362, 709, 10152, 1987, 5, 591, 270, 237, 6], [194, 115, 574, 1239, 11638, 57, 356, 322, 502, 3], [119, 30, 108, 12, 65, 13642, 133, 353, 28, 510], [797, 1217, 759, 515, 540, 75, 6767, 4106, 202, 22], [988, 59, 291, 227, 423, 105, 2363, 10350, 185, 9], [140, 341, 280, 102, 626, 16, 64, 52, 13366, 13], [124, 64, 16, 4, 3, 449, 16, 10, 26, 14288]]"
D2,stack_val,joint_reconstructor,0.7491666666666666,0.7021843713092804,0.7051665901883443,0.7491666666666668,,150000,2,accuracy,0.7516333333333334,"[""r0p02.delta_log_pt_sum"", ""r0p02.delta_pt_frac"", ""r0p02.missing_pt_frac"", ""r0p02.extra_pt_frac"", ""r0p02.delta_log_energy_sum"", ""r0p02.delta_eta_centroid"", ""r0p02.delta_phi_centroid"", ""r0p02.delta_r_centroid"", ""r0p02.delta_log_n"", ""r0p02.missing_n_frac"", ""r0p02.delta_charged_hadron_frac"", ""r0p02.delta_neutral_hadron_frac"", ""r0p02.delta_photon_frac"", ""r0p02.delta_electron_frac"", ""r0p02.delta_muon_frac"", ""r0p05.delta_log_pt_sum"", ""r0p05.delta_pt_frac"", ""r0p05.missing_pt_frac"", ""r0p05.extra_pt_frac"", ""r0p05.delta_log_energy_sum"", ""r0p05.delta_eta_centroid"", ""r0p05.delta_phi_centroid"", ""r0p05.delta_r_centroid"", ""r0p05.delta_log_n"", ""r0p05.missing_n_frac"", ""r0p05.delta_charged_hadron_frac"", ""r0p05.delta_neutral_hadron_frac"", ""r0p05.delta_photon_frac"", ""r0p05.delta_electron_frac"", ""r0p05.delta_muon_frac"", ""r0p1.delta_log_pt_sum"", ""r0p1.delta_pt_frac"", ""r0p1.missing_pt_frac"", ""r0p1.extra_pt_frac"", ""r0p1.delta_log_energy_sum"", ""r0p1.delta_eta_centroid"", ""r0p1.delta_phi_centroid"", ""r0p1.delta_r_centroid"", ""r0p1.delta_log_n"", ""r0p1.missing_n_frac"", ""r0p1.delta_charged_hadron_frac"", ""r0p1.delta_neutral_hadron_frac"", ""r0p1.delta_photon_frac"", ""r0p1.delta_electron_frac"", ""r0p1.delta_muon_frac"", ""flag.is_merged_token"", ""flag.has_missing_local_activity"", ""flag.has_large_local_shift"", ""local_reliability_score"", ""target_uncertainty_scale""]",/home/ryreu/atlas/Fresh_check/checkpoints/local_particle_residual_field_hltv2_s2p5_pilot_20260714_155824/taggers/D2/best_model_val.pt,False,"[{""accuracy"": 0.7025333333333333, ""class_index"": 0, ""class_name"": ""QCD"", ""correct"": 10538, ""support"": 15000}, {""accuracy"": 0.8350666666666666, ""class_index"": 1, ""class_name"": ""Hbb"", ""correct"": 12526, ""support"": 15000}, {""accuracy"": 0.624, ""class_index"": 2, ""class_name"": ""Hcc"", ""correct"": 9360, ""support"": 15000}, {""accuracy"": 0.6688, ""class_index"": 3, ""class_name"": ""Hgg"", ""correct"": 10032, ""support"": 15000}, {""accuracy"": 0.7752, ""class_index"": 4, ""class_name"": ""H4q"", ""correct"": 11628, ""support"": 15000}, {""accuracy"": 0.9104666666666666, ""class_index"": 5, ""class_name"": ""Hqql"", ""correct"": 13657, ""support"": 15000}, {""accuracy"": 0.4418666666666667, ""class_index"": 6, ""class_name"": ""Zqq"", ""correct"": 6628, ""support"": 15000}, {""accuracy"": 0.6942, ""class_index"": 7, ""class_name"": ""Wqq"", ""correct"": 10413, ""support"": 15000}, {""accuracy"": 0.8918, ""class_index"": 8, ""class_name"": ""Tbqq"", ""correct"": 13377, ""support"": 15000}, {""accuracy"": 0.9477333333333333, ""class_index"": 9, ""class_name"": ""Tbl"", ""correct"": 14216, ""support"": 15000}]","[[10538, 141, 313, 1218, 565, 30, 666, 1057, 403, 69], [83, 12526, 693, 230, 164, 20, 685, 106, 470, 23], [283, 1141, 9360, 850, 1091, 78, 969, 594, 620, 14], [713, 327, 704, 10032, 2085, 12, 601, 294, 228, 4], [201, 120, 603, 1250, 11628, 37, 347, 345, 467, 2], [110, 26, 92, 28, 75, 13657, 138, 334, 26, 514], [778, 1245, 715, 468, 558, 78, 6628, 4305, 206, 19], [974, 66, 286, 203, 419, 129, 2319, 10413, 179, 12], [120, 337, 300, 83, 634, 26, 53, 58, 13377, 12], [126, 49, 9, 1, 5, 501, 27, 20, 46, 14216]]"
D3,model_val,joint_reconstructor,0.7495,0.7009333529313405,0.70093335293293,0.7494999999999999,,150000,19,accuracy,0.7495,"[""r0p02.delta_log_pt_sum"", ""r0p02.delta_pt_frac"", ""r0p02.missing_pt_frac"", ""r0p02.extra_pt_frac"", ""r0p02.delta_log_energy_sum"", ""r0p02.delta_eta_centroid"", ""r0p02.delta_phi_centroid"", ""r0p02.delta_r_centroid"", ""r0p02.delta_log_n"", ""r0p02.missing_n_frac"", ""r0p02.delta_charged_hadron_frac"", ""r0p02.delta_neutral_hadron_frac"", ""r0p02.delta_photon_frac"", ""r0p02.delta_electron_frac"", ""r0p02.delta_muon_frac"", ""r0p05.delta_log_pt_sum"", ""r0p05.delta_pt_frac"", ""r0p05.missing_pt_frac"", ""r0p05.extra_pt_frac"", ""r0p05.delta_log_energy_sum"", ""r0p05.delta_eta_centroid"", ""r0p05.delta_phi_centroid"", ""r0p05.delta_r_centroid"", ""r0p05.delta_log_n"", ""r0p05.missing_n_frac"", ""r0p05.delta_charged_hadron_frac"", ""r0p05.delta_neutral_hadron_frac"", ""r0p05.delta_photon_frac"", ""r0p05.delta_electron_frac"", ""r0p05.delta_muon_frac"", ""r0p1.delta_log_pt_sum"", ""r0p1.delta_pt_frac"", ""r0p1.missing_pt_frac"", ""r0p1.extra_pt_frac"", ""r0p1.delta_log_energy_sum"", ""r0p1.delta_eta_centroid"", ""r0p1.delta_phi_centroid"", ""r0p1.delta_r_centroid"", ""r0p1.delta_log_n"", ""r0p1.missing_n_frac"", ""r0p1.delta_charged_hadron_frac"", ""r0p1.delta_neutral_hadron_frac"", ""r0p1.delta_photon_frac"", ""r0p1.delta_electron_frac"", ""r0p1.delta_muon_frac"", ""flag.is_merged_token"", ""flag.has_missing_local_activity"", ""flag.has_large_local_shift"", ""local_reliability_score"", ""target_uncertainty_scale""]",/home/ryreu/atlas/Fresh_check/checkpoints/local_particle_residual_field_hltv2_s2p5_pilot_20260714_155824/taggers/D3/best_model_val.pt,False,"[{""accuracy"": 0.7092666666666667, ""class_index"": 0, ""class_name"": ""QCD"", ""correct"": 10639, ""support"": 15000}, {""accuracy"": 0.8285333333333333, ""class_index"": 1, ""class_name"": ""Hbb"", ""correct"": 12428, ""support"": 15000}, {""accuracy"": 0.6643333333333333, ""class_index"": 2, ""class_name"": ""Hcc"", ""correct"": 9965, ""support"": 15000}, {""accuracy"": 0.7037333333333333, ""class_index"": 3, ""class_name"": ""Hgg"", ""correct"": 10556, ""support"": 15000}, {""accuracy"": 0.7447333333333334, ""class_index"": 4, ""class_name"": ""H4q"", ""correct"": 11171, ""support"": 15000}, {""accuracy"": 0.9066, ""class_index"": 5, ""class_name"": ""Hqql"", ""correct"": 13599, ""support"": 15000}, {""accuracy"": 0.40813333333333335, ""class_index"": 6, ""class_name"": ""Zqq"", ""correct"": 6122, ""support"": 15000}, {""accuracy"": 0.6744666666666667, ""class_index"": 7, ""class_name"": ""Wqq"", ""correct"": 10117, ""support"": 15000}, {""accuracy"": 0.8956666666666667, ""class_index"": 8, ""class_name"": ""Tbqq"", ""correct"": 13435, ""support"": 15000}, {""accuracy"": 0.9595333333333333, ""class_index"": 9, ""class_name"": ""Tbl"", ""correct"": 14393, ""support"": 15000}]","[[10639, 130, 391, 1268, 534, 59, 511, 1012, 356, 100], [88, 12428, 867, 258, 101, 19, 697, 76, 415, 51], [282, 881, 9965, 916, 957, 87, 752, 526, 602, 32], [700, 366, 901, 10556, 1639, 9, 332, 242, 249, 6], [217, 144, 713, 1589, 11171, 47, 156, 268, 688, 7], [94, 35, 135, 19, 72, 13599, 108, 305, 33, 600], [850, 1268, 1001, 787, 695, 106, 6122, 3924, 213, 34], [968, 90, 395, 328, 537, 162, 2202, 10117, 189, 12], [191, 330, 334, 119, 431, 16, 44, 67, 13435, 33], [96, 45, 5, 6, 3, 408, 16, 10, 18, 14393]]"
D3,stack_val,joint_reconstructor,0.7471466666666666,0.703992674032847,0.7039926740487417,0.7471466666666667,,150000,19,accuracy,0.7495,"[""r0p02.delta_log_pt_sum"", ""r0p02.delta_pt_frac"", ""r0p02.missing_pt_frac"", ""r0p02.extra_pt_frac"", ""r0p02.delta_log_energy_sum"", ""r0p02.delta_eta_centroid"", ""r0p02.delta_phi_centroid"", ""r0p02.delta_r_centroid"", ""r0p02.delta_log_n"", ""r0p02.missing_n_frac"", ""r0p02.delta_charged_hadron_frac"", ""r0p02.delta_neutral_hadron_frac"", ""r0p02.delta_photon_frac"", ""r0p02.delta_electron_frac"", ""r0p02.delta_muon_frac"", ""r0p05.delta_log_pt_sum"", ""r0p05.delta_pt_frac"", ""r0p05.missing_pt_frac"", ""r0p05.extra_pt_frac"", ""r0p05.delta_log_energy_sum"", ""r0p05.delta_eta_centroid"", ""r0p05.delta_phi_centroid"", ""r0p05.delta_r_centroid"", ""r0p05.delta_log_n"", ""r0p05.missing_n_frac"", ""r0p05.delta_charged_hadron_frac"", ""r0p05.delta_neutral_hadron_frac"", ""r0p05.delta_photon_frac"", ""r0p05.delta_electron_frac"", ""r0p05.delta_muon_frac"", ""r0p1.delta_log_pt_sum"", ""r0p1.delta_pt_frac"", ""r0p1.missing_pt_frac"", ""r0p1.extra_pt_frac"", ""r0p1.delta_log_energy_sum"", ""r0p1.delta_eta_centroid"", ""r0p1.delta_phi_centroid"", ""r0p1.delta_r_centroid"", ""r0p1.delta_log_n"", ""r0p1.missing_n_frac"", ""r0p1.delta_charged_hadron_frac"", ""r0p1.delta_neutral_hadron_frac"", ""r0p1.delta_photon_frac"", ""r0p1.delta_electron_frac"", ""r0p1.delta_muon_frac"", ""flag.is_merged_token"", ""flag.has_missing_local_activity"", ""flag.has_large_local_shift"", ""local_reliability_score"", ""target_uncertainty_scale""]",/home/ryreu/atlas/Fresh_check/checkpoints/local_particle_residual_field_hltv2_s2p5_pilot_20260714_155824/taggers/D3/best_model_val.pt,False,"[{""accuracy"": 0.7058666666666666, ""class_index"": 0, ""class_name"": ""QCD"", ""correct"": 10588, ""support"": 15000}, {""accuracy"": 0.8246, ""class_index"": 1, ""class_name"": ""Hbb"", ""correct"": 12369, ""support"": 15000}, {""accuracy"": 0.6652666666666667, ""class_index"": 2, ""class_name"": ""Hcc"", ""correct"": 9979, ""support"": 15000}, {""accuracy"": 0.7002666666666667, ""class_index"": 3, ""class_name"": ""Hgg"", ""correct"": 10504, ""support"": 15000}, {""accuracy"": 0.7394666666666667, ""class_index"": 4, ""class_name"": ""H4q"", ""correct"": 11092, ""support"": 15000}, {""accuracy"": 0.9089333333333334, ""class_index"": 5, ""class_name"": ""Hqql"", ""correct"": 13634, ""support"": 15000}, {""accuracy"": 0.3968, ""class_index"": 6, ""class_name"": ""Zqq"", ""correct"": 5952, ""support"": 15000}, {""accuracy"": 0.6774, ""class_index"": 7, ""class_name"": ""Wqq"", ""correct"": 10161, ""support"": 15000}, {""accuracy"": 0.8960666666666667, ""class_index"": 8, ""class_name"": ""Tbqq"", ""correct"": 13441, ""support"": 15000}, {""accuracy"": 0.9568, ""class_index"": 9, ""class_name"": ""Tbl"", ""correct"": 14352, ""support"": 15000}]","[[10588, 157, 384, 1310, 532, 58, 481, 1011, 353, 126], [86, 12369, 900, 244, 99, 17, 695, 89, 465, 36], [287, 903, 9979, 917, 944, 72, 687, 537, 644, 30], [710, 336, 849, 10504, 1754, 14, 302, 276, 249, 6], [206, 159, 743, 1633, 11092, 47, 164, 299, 654, 3], [95, 36, 143, 26, 76, 13634, 116, 279, 22, 573], [821, 1257, 1003, 733, 750, 111, 5952, 4140, 204, 29], [944, 65, 403, 315, 541, 207, 2145, 10161, 191, 28], [185, 348, 307, 107, 469, 33, 33, 48, 13441, 29], [91, 40, 7, 2, 3, 436, 21, 11, 37, 14352]]"
D4,model_val,joint_reconstructor,0.7491333333333333,0.6994493650341034,0.705651870563825,0.7491333333333333,,150000,19,accuracy,0.7491333333333333,"[""r0p02.delta_log_pt_sum"", ""r0p02.delta_pt_frac"", ""r0p02.missing_pt_frac"", ""r0p02.extra_pt_frac"", ""r0p02.delta_log_energy_sum"", ""r0p02.delta_eta_centroid"", ""r0p02.delta_phi_centroid"", ""r0p02.delta_r_centroid"", ""r0p02.delta_log_n"", ""r0p02.missing_n_frac"", ""r0p02.delta_charged_hadron_frac"", ""r0p02.delta_neutral_hadron_frac"", ""r0p02.delta_photon_frac"", ""r0p02.delta_electron_frac"", ""r0p02.delta_muon_frac"", ""r0p05.delta_log_pt_sum"", ""r0p05.delta_pt_frac"", ""r0p05.missing_pt_frac"", ""r0p05.extra_pt_frac"", ""r0p05.delta_log_energy_sum"", ""r0p05.delta_eta_centroid"", ""r0p05.delta_phi_centroid"", ""r0p05.delta_r_centroid"", ""r0p05.delta_log_n"", ""r0p05.missing_n_frac"", ""r0p05.delta_charged_hadron_frac"", ""r0p05.delta_neutral_hadron_frac"", ""r0p05.delta_photon_frac"", ""r0p05.delta_electron_frac"", ""r0p05.delta_muon_frac"", ""r0p1.delta_log_pt_sum"", ""r0p1.delta_pt_frac"", ""r0p1.missing_pt_frac"", ""r0p1.extra_pt_frac"", ""r0p1.delta_log_energy_sum"", ""r0p1.delta_eta_centroid"", ""r0p1.delta_phi_centroid"", ""r0p1.delta_r_centroid"", ""r0p1.delta_log_n"", ""r0p1.missing_n_frac"", ""r0p1.delta_charged_hadron_frac"", ""r0p1.delta_neutral_hadron_frac"", ""r0p1.delta_photon_frac"", ""r0p1.delta_electron_frac"", ""r0p1.delta_muon_frac"", ""flag.is_merged_token"", ""flag.has_missing_local_activity"", ""flag.has_large_local_shift"", ""local_reliability_score"", ""target_uncertainty_scale""]",/home/ryreu/atlas/Fresh_check/checkpoints/local_particle_residual_field_hltv2_s2p5_pilot_20260714_155824/taggers/D4/best_model_val.pt,False,"[{""accuracy"": 0.6996666666666667, ""class_index"": 0, ""class_name"": ""QCD"", ""correct"": 10495, ""support"": 15000}, {""accuracy"": 0.8179333333333333, ""class_index"": 1, ""class_name"": ""Hbb"", ""correct"": 12269, ""support"": 15000}, {""accuracy"": 0.6611333333333334, ""class_index"": 2, ""class_name"": ""Hcc"", ""correct"": 9917, ""support"": 15000}, {""accuracy"": 0.6854, ""class_index"": 3, ""class_name"": ""Hgg"", ""correct"": 10281, ""support"": 15000}, {""accuracy"": 0.7891333333333334, ""class_index"": 4, ""class_name"": ""H4q"", ""correct"": 11837, ""support"": 15000}, {""accuracy"": 0.9088666666666667, ""class_index"": 5, ""class_name"": ""Hqql"", ""correct"": 13633, ""support"": 15000}, {""accuracy"": 0.4119333333333333, ""class_index"": 6, ""class_name"": ""Zqq"", ""correct"": 6179, ""support"": 15000}, {""accuracy"": 0.6626, ""class_index"": 7, ""class_name"": ""Wqq"", ""correct"": 9939, ""support"": 15000}, {""accuracy"": 0.8949333333333334, ""class_index"": 8, ""class_name"": ""Tbqq"", ""correct"": 13424, ""support"": 15000}, {""accuracy"": 0.9597333333333333, ""class_index"": 9, ""class_name"": ""Tbl"", ""correct"": 14396, ""support"": 15000}]","[[10495, 129, 368, 1293, 640, 66, 469, 1060, 362, 118], [91, 12269, 907, 268, 112, 23, 678, 89, 505, 58], [282, 764, 9917, 856, 1196, 97, 742, 526, 599, 21], [647, 310, 812, 10281, 2101, 12, 338, 265, 229, 5], [161, 107, 527, 1314, 11837, 52, 147, 281, 572, 2], [91, 25, 126, 20, 76, 13633, 96, 316, 31, 586], [816, 1248, 983, 746, 853, 125, 6179, 3805, 212, 33], [918, 72, 373, 329, 604, 163, 2395, 9939, 195, 12], [162, 282, 316, 105, 557, 25, 37, 62, 13424, 30], [78, 46, 9, 6, 3, 423, 9, 12, 18, 14396]]"
D4,stack_val,joint_reconstructor,0.74682,0.7037111012744903,0.7099118837388356,0.74682,,150000,19,accuracy,0.7491333333333333,"[""r0p02.delta_log_pt_sum"", ""r0p02.delta_pt_frac"", ""r0p02.missing_pt_frac"", ""r0p02.extra_pt_frac"", ""r0p02.delta_log_energy_sum"", ""r0p02.delta_eta_centroid"", ""r0p02.delta_phi_centroid"", ""r0p02.delta_r_centroid"", ""r0p02.delta_log_n"", ""r0p02.missing_n_frac"", ""r0p02.delta_charged_hadron_frac"", ""r0p02.delta_neutral_hadron_frac"", ""r0p02.delta_photon_frac"", ""r0p02.delta_electron_frac"", ""r0p02.delta_muon_frac"", ""r0p05.delta_log_pt_sum"", ""r0p05.delta_pt_frac"", ""r0p05.missing_pt_frac"", ""r0p05.extra_pt_frac"", ""r0p05.delta_log_energy_sum"", ""r0p05.delta_eta_centroid"", ""r0p05.delta_phi_centroid"", ""r0p05.delta_r_centroid"", ""r0p05.delta_log_n"", ""r0p05.missing_n_frac"", ""r0p05.delta_charged_hadron_frac"", ""r0p05.delta_neutral_hadron_frac"", ""r0p05.delta_photon_frac"", ""r0p05.delta_electron_frac"", ""r0p05.delta_muon_frac"", ""r0p1.delta_log_pt_sum"", ""r0p1.delta_pt_frac"", ""r0p1.missing_pt_frac"", ""r0p1.extra_pt_frac"", ""r0p1.delta_log_energy_sum"", ""r0p1.delta_eta_centroid"", ""r0p1.delta_phi_centroid"", ""r0p1.delta_r_centroid"", ""r0p1.delta_log_n"", ""r0p1.missing_n_frac"", ""r0p1.delta_charged_hadron_frac"", ""r0p1.delta_neutral_hadron_frac"", ""r0p1.delta_photon_frac"", ""r0p1.delta_electron_frac"", ""r0p1.delta_muon_frac"", ""flag.is_merged_token"", ""flag.has_missing_local_activity"", ""flag.has_large_local_shift"", ""local_reliability_score"", ""target_uncertainty_scale""]",/home/ryreu/atlas/Fresh_check/checkpoints/local_particle_residual_field_hltv2_s2p5_pilot_20260714_155824/taggers/D4/best_model_val.pt,False,"[{""accuracy"": 0.6965333333333333, ""class_index"": 0, ""class_name"": ""QCD"", ""correct"": 10448, ""support"": 15000}, {""accuracy"": 0.8150666666666667, ""class_index"": 1, ""class_name"": ""Hbb"", ""correct"": 12226, ""support"": 15000}, {""accuracy"": 0.6582666666666667, ""class_index"": 2, ""class_name"": ""Hcc"", ""correct"": 9874, ""support"": 15000}, {""accuracy"": 0.6813333333333333, ""class_index"": 3, ""class_name"": ""Hgg"", ""correct"": 10220, ""support"": 15000}, {""accuracy"": 0.7847333333333333, ""class_index"": 4, ""class_name"": ""H4q"", ""correct"": 11771, ""support"": 15000}, {""accuracy"": 0.9127333333333333, ""class_index"": 5, ""class_name"": ""Hqql"", ""correct"": 13691, ""support"": 15000}, {""accuracy"": 0.3996, ""class_index"": 6, ""class_name"": ""Zqq"", ""correct"": 5994, ""support"": 15000}, {""accuracy"": 0.6698, ""class_index"": 7, ""class_name"": ""Wqq"", ""correct"": 10047, ""support"": 15000}, {""accuracy"": 0.8947333333333334, ""class_index"": 8, ""class_name"": ""Tbqq"", ""correct"": 13421, ""support"": 15000}, {""accuracy"": 0.9554, ""class_index"": 9, ""class_name"": ""Tbl"", ""correct"": 14331, ""support"": 15000}]","[[10448, 140, 366, 1313, 688, 55, 441, 1066, 348, 135], [88, 12226, 948, 270, 134, 15, 664, 92, 518, 45], [308, 804, 9874, 849, 1231, 72, 697, 516, 626, 23], [609, 288, 800, 10220, 2209, 21, 318, 290, 240, 5], [185, 126, 553, 1318, 11771, 48, 134, 293, 569, 3], [92, 27, 123, 27, 79, 13691, 117, 283, 23, 538], [808, 1242, 1007, 695, 922, 121, 5994, 3980, 203, 28], [917, 68, 379, 270, 627, 195, 2274, 10047, 195, 28], [152, 298, 286, 103, 583, 42, 29, 58, 13421, 28], [83, 42, 13, 2, 5, 455, 18, 16, 35, 14331]]"
D5,model_val,joint_reconstructor,0.7546,0.7002983787759145,0.8263625587240855,0.7546000000000002,,150000,8,accuracy,0.7546,"[""r0p02.delta_log_pt_sum"", ""r0p02.delta_pt_frac"", ""r0p02.missing_pt_frac"", ""r0p02.extra_pt_frac"", ""r0p02.delta_log_energy_sum"", ""r0p02.delta_eta_centroid"", ""r0p02.delta_phi_centroid"", ""r0p02.delta_r_centroid"", ""r0p02.delta_log_n"", ""r0p02.missing_n_frac"", ""r0p02.delta_charged_hadron_frac"", ""r0p02.delta_neutral_hadron_frac"", ""r0p02.delta_photon_frac"", ""r0p02.delta_electron_frac"", ""r0p02.delta_muon_frac"", ""r0p05.delta_log_pt_sum"", ""r0p05.delta_pt_frac"", ""r0p05.missing_pt_frac"", ""r0p05.extra_pt_frac"", ""r0p05.delta_log_energy_sum"", ""r0p05.delta_eta_centroid"", ""r0p05.delta_phi_centroid"", ""r0p05.delta_r_centroid"", ""r0p05.delta_log_n"", ""r0p05.missing_n_frac"", ""r0p05.delta_charged_hadron_frac"", ""r0p05.delta_neutral_hadron_frac"", ""r0p05.delta_photon_frac"", ""r0p05.delta_electron_frac"", ""r0p05.delta_muon_frac"", ""r0p1.delta_log_pt_sum"", ""r0p1.delta_pt_frac"", ""r0p1.missing_pt_frac"", ""r0p1.extra_pt_frac"", ""r0p1.delta_log_energy_sum"", ""r0p1.delta_eta_centroid"", ""r0p1.delta_phi_centroid"", ""r0p1.delta_r_centroid"", ""r0p1.delta_log_n"", ""r0p1.missing_n_frac"", ""r0p1.delta_charged_hadron_frac"", ""r0p1.delta_neutral_hadron_frac"", ""r0p1.delta_photon_frac"", ""r0p1.delta_electron_frac"", ""r0p1.delta_muon_frac"", ""flag.is_merged_token"", ""flag.has_missing_local_activity"", ""flag.has_large_local_shift"", ""local_reliability_score"", ""target_uncertainty_scale""]",/home/ryreu/atlas/Fresh_check/checkpoints/local_particle_residual_field_hltv2_s2p5_pilot_20260714_155824/taggers/D5/best_model_val.pt,False,"[{""accuracy"": 0.6766666666666666, ""class_index"": 0, ""class_name"": ""QCD"", ""correct"": 10150, ""support"": 15000}, {""accuracy"": 0.81, ""class_index"": 1, ""class_name"": ""Hbb"", ""correct"": 12150, ""support"": 15000}, {""accuracy"": 0.6404666666666666, ""class_index"": 2, ""class_name"": ""Hcc"", ""correct"": 9607, ""support"": 15000}, {""accuracy"": 0.7192666666666667, ""class_index"": 3, ""class_name"": ""Hgg"", ""correct"": 10789, ""support"": 15000}, {""accuracy"": 0.7784, ""class_index"": 4, ""class_name"": ""H4q"", ""correct"": 11676, ""support"": 15000}, {""accuracy"": 0.9249333333333334, ""class_index"": 5, ""class_name"": ""Hqql"", ""correct"": 13874, ""support"": 15000}, {""accuracy"": 0.4138, ""class_index"": 6, ""class_name"": ""Zqq"", ""correct"": 6207, ""support"": 15000}, {""accuracy"": 0.7526666666666667, ""class_index"": 7, ""class_name"": ""Wqq"", ""correct"": 11290, ""support"": 15000}, {""accuracy"": 0.8832, ""class_index"": 8, ""class_name"": ""Tbqq"", ""correct"": 13248, ""support"": 15000}, {""accuracy"": 0.9466, ""class_index"": 9, ""class_name"": ""Tbl"", ""correct"": 14199, ""support"": 15000}]","[[10150, 121, 306, 1458, 551, 63, 549, 1353, 320, 129], [65, 12150, 876, 260, 161, 27, 887, 134, 398, 42], [232, 784, 9607, 996, 1155, 90, 880, 725, 500, 31], [446, 302, 649, 10789, 1820, 13, 483, 342, 149, 7], [125, 81, 482, 1404, 11676, 75, 313, 391, 451, 2], [90, 9, 98, 17, 50, 13874, 94, 381, 18, 369], [614, 1018, 788, 621, 519, 104, 6207, 4920, 178, 31], [768, 43, 273, 286, 389, 140, 1638, 11290, 161, 12], [141, 342, 311, 195, 610, 29, 35, 71, 13248, 18], [78, 50, 15, 5, 2, 603, 18, 14, 16, 14199]]"
D5,stack_val,joint_reconstructor,0.7512,0.7070108338054021,0.8340574586931865,0.7512,,150000,8,accuracy,0.7546,"[""r0p02.delta_log_pt_sum"", ""r0p02.delta_pt_frac"", ""r0p02.missing_pt_frac"", ""r0p02.extra_pt_frac"", ""r0p02.delta_log_energy_sum"", ""r0p02.delta_eta_centroid"", ""r0p02.delta_phi_centroid"", ""r0p02.delta_r_centroid"", ""r0p02.delta_log_n"", ""r0p02.missing_n_frac"", ""r0p02.delta_charged_hadron_frac"", ""r0p02.delta_neutral_hadron_frac"", ""r0p02.delta_photon_frac"", ""r0p02.delta_electron_frac"", ""r0p02.delta_muon_frac"", ""r0p05.delta_log_pt_sum"", ""r0p05.delta_pt_frac"", ""r0p05.missing_pt_frac"", ""r0p05.extra_pt_frac"", ""r0p05.delta_log_energy_sum"", ""r0p05.delta_eta_centroid"", ""r0p05.delta_phi_centroid"", ""r0p05.delta_r_centroid"", ""r0p05.delta_log_n"", ""r0p05.missing_n_frac"", ""r0p05.delta_charged_hadron_frac"", ""r0p05.delta_neutral_hadron_frac"", ""r0p05.delta_photon_frac"", ""r0p05.delta_electron_frac"", ""r0p05.delta_muon_frac"", ""r0p1.delta_log_pt_sum"", ""r0p1.delta_pt_frac"", ""r0p1.missing_pt_frac"", ""r0p1.extra_pt_frac"", ""r0p1.delta_log_energy_sum"", ""r0p1.delta_eta_centroid"", ""r0p1.delta_phi_centroid"", ""r0p1.delta_r_centroid"", ""r0p1.delta_log_n"", ""r0p1.missing_n_frac"", ""r0p1.delta_charged_hadron_frac"", ""r0p1.delta_neutral_hadron_frac"", ""r0p1.delta_photon_frac"", ""r0p1.delta_electron_frac"", ""r0p1.delta_muon_frac"", ""flag.is_merged_token"", ""flag.has_missing_local_activity"", ""flag.has_large_local_shift"", ""local_reliability_score"", ""target_uncertainty_scale""]",/home/ryreu/atlas/Fresh_check/checkpoints/local_particle_residual_field_hltv2_s2p5_pilot_20260714_155824/taggers/D5/best_model_val.pt,False,"[{""accuracy"": 0.6728666666666666, ""class_index"": 0, ""class_name"": ""QCD"", ""correct"": 10093, ""support"": 15000}, {""accuracy"": 0.8111333333333334, ""class_index"": 1, ""class_name"": ""Hbb"", ""correct"": 12167, ""support"": 15000}, {""accuracy"": 0.6374666666666666, ""class_index"": 2, ""class_name"": ""Hcc"", ""correct"": 9562, ""support"": 15000}, {""accuracy"": 0.7125333333333334, ""class_index"": 3, ""class_name"": ""Hgg"", ""correct"": 10688, ""support"": 15000}, {""accuracy"": 0.7721333333333333, ""class_index"": 4, ""class_name"": ""H4q"", ""correct"": 11582, ""support"": 15000}, {""accuracy"": 0.9262666666666667, ""class_index"": 5, ""class_name"": ""Hqql"", ""correct"": 13894, ""support"": 15000}, {""accuracy"": 0.40513333333333335, ""class_index"": 6, ""class_name"": ""Zqq"", ""correct"": 6077, ""support"": 15000}, {""accuracy"": 0.7492, ""class_index"": 7, ""class_name"": ""Wqq"", ""correct"": 11238, ""support"": 15000}, {""accuracy"": 0.8831333333333333, ""class_index"": 8, ""class_name"": ""Tbqq"", ""correct"": 13247, ""support"": 15000}, {""accuracy"": 0.9421333333333334, ""class_index"": 9, ""class_name"": ""Tbl"", ""correct"": 14132, ""support"": 15000}]","[[10093, 141, 288, 1521, 529, 66, 542, 1359, 323, 138], [62, 12167, 875, 239, 163, 28, 845, 151, 432, 38], [241, 798, 9562, 973, 1176, 93, 863, 733, 542, 19], [470, 274, 603, 10688, 1911, 27, 489, 375, 155, 8], [145, 89, 503, 1455, 11582, 53, 301, 432, 438, 2], [87, 15, 90, 25, 52, 13894, 102, 356, 23, 356], [616, 969, 753, 559, 556, 129, 6077, 5119, 192, 30], [752, 45, 281, 239, 381, 177, 1694, 11238, 178, 15], [125, 353, 297, 182, 625, 43, 39, 69, 13247, 20], [75, 39, 6, 4, 2, 666, 19, 24, 33, 14132]]"
D5,final_test,joint_reconstructor,0.75184,0.7044612319148835,,,,150000,8,accuracy,0.7546,"[""r0p02.delta_log_pt_sum"", ""r0p02.delta_pt_frac"", ""r0p02.missing_pt_frac"", ""r0p02.extra_pt_frac"", ""r0p02.delta_log_energy_sum"", ""r0p02.delta_eta_centroid"", ""r0p02.delta_phi_centroid"", ""r0p02.delta_r_centroid"", ""r0p02.delta_log_n"", ""r0p02.missing_n_frac"", ""r0p02.delta_charged_hadron_frac"", ""r0p02.delta_neutral_hadron_frac"", ""r0p02.delta_photon_frac"", ""r0p02.delta_electron_frac"", ""r0p02.delta_muon_frac"", ""r0p05.delta_log_pt_sum"", ""r0p05.delta_pt_frac"", ""r0p05.missing_pt_frac"", ""r0p05.extra_pt_frac"", ""r0p05.delta_log_energy_sum"", ""r0p05.delta_eta_centroid"", ""r0p05.delta_phi_centroid"", ""r0p05.delta_r_centroid"", ""r0p05.delta_log_n"", ""r0p05.missing_n_frac"", ""r0p05.delta_charged_hadron_frac"", ""r0p05.delta_neutral_hadron_frac"", ""r0p05.delta_photon_frac"", ""r0p05.delta_electron_frac"", ""r0p05.delta_muon_frac"", ""r0p1.delta_log_pt_sum"", ""r0p1.delta_pt_frac"", ""r0p1.missing_pt_frac"", ""r0p1.extra_pt_frac"", ""r0p1.delta_log_energy_sum"", ""r0p1.delta_eta_centroid"", ""r0p1.delta_phi_centroid"", ""r0p1.delta_r_centroid"", ""r0p1.delta_log_n"", ""r0p1.missing_n_frac"", ""r0p1.delta_charged_hadron_frac"", ""r0p1.delta_neutral_hadron_frac"", ""r0p1.delta_photon_frac"", ""r0p1.delta_electron_frac"", ""r0p1.delta_muon_frac"", ""flag.is_merged_token"", ""flag.has_missing_local_activity"", ""flag.has_large_local_shift"", ""local_reliability_score"", ""target_uncertainty_scale""]",/home/ryreu/atlas/Fresh_check/checkpoints/local_particle_residual_field_hltv2_s2p5_pilot_20260714_155824/taggers/D5/best_model_val.pt,True,,
D5_seed1,model_val,joint_reconstructor,0.7534466666666667,0.6981657024574279,0.8252636072158813,0.7534466666666667,,150000,8,accuracy,0.7534466666666667,"[""r0p02.delta_log_pt_sum"", ""r0p02.delta_pt_frac"", ""r0p02.missing_pt_frac"", ""r0p02.extra_pt_frac"", ""r0p02.delta_log_energy_sum"", ""r0p02.delta_eta_centroid"", ""r0p02.delta_phi_centroid"", ""r0p02.delta_r_centroid"", ""r0p02.delta_log_n"", ""r0p02.missing_n_frac"", ""r0p02.delta_charged_hadron_frac"", ""r0p02.delta_neutral_hadron_frac"", ""r0p02.delta_photon_frac"", ""r0p02.delta_electron_frac"", ""r0p02.delta_muon_frac"", ""r0p05.delta_log_pt_sum"", ""r0p05.delta_pt_frac"", ""r0p05.missing_pt_frac"", ""r0p05.extra_pt_frac"", ""r0p05.delta_log_energy_sum"", ""r0p05.delta_eta_centroid"", ""r0p05.delta_phi_centroid"", ""r0p05.delta_r_centroid"", ""r0p05.delta_log_n"", ""r0p05.missing_n_frac"", ""r0p05.delta_charged_hadron_frac"", ""r0p05.delta_neutral_hadron_frac"", ""r0p05.delta_photon_frac"", ""r0p05.delta_electron_frac"", ""r0p05.delta_muon_frac"", ""r0p1.delta_log_pt_sum"", ""r0p1.delta_pt_frac"", ""r0p1.missing_pt_frac"", ""r0p1.extra_pt_frac"", ""r0p1.delta_log_energy_sum"", ""r0p1.delta_eta_centroid"", ""r0p1.delta_phi_centroid"", ""r0p1.delta_r_centroid"", ""r0p1.delta_log_n"", ""r0p1.missing_n_frac"", ""r0p1.delta_charged_hadron_frac"", ""r0p1.delta_neutral_hadron_frac"", ""r0p1.delta_photon_frac"", ""r0p1.delta_electron_frac"", ""r0p1.delta_muon_frac"", ""flag.is_merged_token"", ""flag.has_missing_local_activity"", ""flag.has_large_local_shift"", ""local_reliability_score"", ""target_uncertainty_scale""]",/home/ryreu/atlas/Fresh_check/checkpoints/local_particle_residual_field_hltv2_s2p5_pilot_20260714_155824/taggers/D5_seed1/best_model_val.pt,False,"[{""accuracy"": 0.7066, ""class_index"": 0, ""class_name"": ""QCD"", ""correct"": 10599, ""support"": 15000}, {""accuracy"": 0.8088, ""class_index"": 1, ""class_name"": ""Hbb"", ""correct"": 12132, ""support"": 15000}, {""accuracy"": 0.6588, ""class_index"": 2, ""class_name"": ""Hcc"", ""correct"": 9882, ""support"": 15000}, {""accuracy"": 0.7493333333333333, ""class_index"": 3, ""class_name"": ""Hgg"", ""correct"": 11240, ""support"": 15000}, {""accuracy"": 0.7351333333333333, ""class_index"": 4, ""class_name"": ""H4q"", ""correct"": 11027, ""support"": 15000}, {""accuracy"": 0.9136, ""class_index"": 5, ""class_name"": ""Hqql"", ""correct"": 13704, ""support"": 15000}, {""accuracy"": 0.441, ""class_index"": 6, ""class_name"": ""Zqq"", ""correct"": 6615, ""support"": 15000}, {""accuracy"": 0.6904666666666667, ""class_index"": 7, ""class_name"": ""Wqq"", ""correct"": 10357, ""support"": 15000}, {""accuracy"": 0.8744666666666666, ""class_index"": 8, ""class_name"": ""Tbqq"", ""correct"": 13117, ""support"": 15000}, {""accuracy"": 0.9562666666666667, ""class_index"": 9, ""class_name"": ""Tbl"", ""correct"": 14344, ""support"": 15000}]","[[10599, 127, 320, 1462, 440, 44, 538, 1076, 284, 110], [86, 12132, 1068, 295, 114, 25, 756, 95, 379, 50], [266, 645, 9882, 1207, 913, 79, 917, 603, 457, 31], [582, 301, 604, 11240, 1401, 6, 434, 282, 144, 6], [188, 101, 595, 1889, 11027, 55, 294, 347, 498, 6], [106, 12, 113, 21, 42, 13704, 135, 360, 16, 491], [829, 1158, 822, 746, 474, 85, 6615, 4088, 154, 29], [987, 65, 334, 328, 363, 116, 2289, 10357, 150, 11], [172, 380, 452, 204, 504, 22, 47, 88, 13117, 14], [89, 44, 13, 5, 3, 459, 13, 11, 19, 14344]]"
D5_seed1,stack_val,joint_reconstructor,0.7515933333333333,0.70298541340669,0.8311309422492981,0.7515933333333333,,150000,8,accuracy,0.7534466666666667,"[""r0p02.delta_log_pt_sum"", ""r0p02.delta_pt_frac"", ""r0p02.missing_pt_frac"", ""r0p02.extra_pt_frac"", ""r0p02.delta_log_energy_sum"", ""r0p02.delta_eta_centroid"", ""r0p02.delta_phi_centroid"", ""r0p02.delta_r_centroid"", ""r0p02.delta_log_n"", ""r0p02.missing_n_frac"", ""r0p02.delta_charged_hadron_frac"", ""r0p02.delta_neutral_hadron_frac"", ""r0p02.delta_photon_frac"", ""r0p02.delta_electron_frac"", ""r0p02.delta_muon_frac"", ""r0p05.delta_log_pt_sum"", ""r0p05.delta_pt_frac"", ""r0p05.missing_pt_frac"", ""r0p05.extra_pt_frac"", ""r0p05.delta_log_energy_sum"", ""r0p05.delta_eta_centroid"", ""r0p05.delta_phi_centroid"", ""r0p05.delta_r_centroid"", ""r0p05.delta_log_n"", ""r0p05.missing_n_frac"", ""r0p05.delta_charged_hadron_frac"", ""r0p05.delta_neutral_hadron_frac"", ""r0p05.delta_photon_frac"", ""r0p05.delta_electron_frac"", ""r0p05.delta_muon_frac"", ""r0p1.delta_log_pt_sum"", ""r0p1.delta_pt_frac"", ""r0p1.missing_pt_frac"", ""r0p1.extra_pt_frac"", ""r0p1.delta_log_energy_sum"", ""r0p1.delta_eta_centroid"", ""r0p1.delta_phi_centroid"", ""r0p1.delta_r_centroid"", ""r0p1.delta_log_n"", ""r0p1.missing_n_frac"", ""r0p1.delta_charged_hadron_frac"", ""r0p1.delta_neutral_hadron_frac"", ""r0p1.delta_photon_frac"", ""r0p1.delta_electron_frac"", ""r0p1.delta_muon_frac"", ""flag.is_merged_token"", ""flag.has_missing_local_activity"", ""flag.has_large_local_shift"", ""local_reliability_score"", ""target_uncertainty_scale""]",/home/ryreu/atlas/Fresh_check/checkpoints/local_particle_residual_field_hltv2_s2p5_pilot_20260714_155824/taggers/D5_seed1/best_model_val.pt,False,"[{""accuracy"": 0.7012666666666667, ""class_index"": 0, ""class_name"": ""QCD"", ""correct"": 10519, ""support"": 15000}, {""accuracy"": 0.8128, ""class_index"": 1, ""class_name"": ""Hbb"", ""correct"": 12192, ""support"": 15000}, {""accuracy"": 0.6548666666666667, ""class_index"": 2, ""class_name"": ""Hcc"", ""correct"": 9823, ""support"": 15000}, {""accuracy"": 0.745, ""class_index"": 3, ""class_name"": ""Hgg"", ""correct"": 11175, ""support"": 15000}, {""accuracy"": 0.7302666666666666, ""class_index"": 4, ""class_name"": ""H4q"", ""correct"": 10954, ""support"": 15000}, {""accuracy"": 0.9152, ""class_index"": 5, ""class_name"": ""Hqql"", ""correct"": 13728, ""support"": 15000}, {""accuracy"": 0.4336, ""class_index"": 6, ""class_name"": ""Zqq"", ""correct"": 6504, ""support"": 15000}, {""accuracy"": 0.6923333333333334, ""class_index"": 7, ""class_name"": ""Wqq"", ""correct"": 10385, ""support"": 15000}, {""accuracy"": 0.877, ""class_index"": 8, ""class_name"": ""Tbqq"", ""correct"": 13155, ""support"": 15000}, {""accuracy"": 0.9536, ""class_index"": 9, ""class_name"": ""Tbl"", ""correct"": 14304, ""support"": 15000}]","[[10519, 142, 312, 1540, 442, 47, 484, 1118, 278, 118], [81, 12192, 1023, 285, 109, 27, 755, 105, 384, 39], [282, 694, 9823, 1186, 946, 85, 929, 584, 452, 19], [608, 283, 558, 11175, 1459, 18, 443, 301, 148, 7], [206, 108, 641, 1919, 10954, 43, 277, 375, 474, 3], [104, 14, 99, 35, 50, 13728, 140, 326, 18, 486], [811, 1153, 780, 695, 496, 98, 6504, 4263, 166, 34], [978, 68, 343, 315, 369, 131, 2242, 10385, 151, 18], [162, 382, 409, 213, 500, 36, 37, 83, 13155, 23], [87, 45, 9, 4, 2, 489, 20, 12, 28, 14304]]"
D5_seed1,final_test,joint_reconstructor,0.75198,0.699959575878393,,,,150000,8,accuracy,0.7534466666666667,"[""r0p02.delta_log_pt_sum"", ""r0p02.delta_pt_frac"", ""r0p02.missing_pt_frac"", ""r0p02.extra_pt_frac"", ""r0p02.delta_log_energy_sum"", ""r0p02.delta_eta_centroid"", ""r0p02.delta_phi_centroid"", ""r0p02.delta_r_centroid"", ""r0p02.delta_log_n"", ""r0p02.missing_n_frac"", ""r0p02.delta_charged_hadron_frac"", ""r0p02.delta_neutral_hadron_frac"", ""r0p02.delta_photon_frac"", ""r0p02.delta_electron_frac"", ""r0p02.delta_muon_frac"", ""r0p05.delta_log_pt_sum"", ""r0p05.delta_pt_frac"", ""r0p05.missing_pt_frac"", ""r0p05.extra_pt_frac"", ""r0p05.delta_log_energy_sum"", ""r0p05.delta_eta_centroid"", ""r0p05.delta_phi_centroid"", ""r0p05.delta_r_centroid"", ""r0p05.delta_log_n"", ""r0p05.missing_n_frac"", ""r0p05.delta_charged_hadron_frac"", ""r0p05.delta_neutral_hadron_frac"", ""r0p05.delta_photon_frac"", ""r0p05.delta_electron_frac"", ""r0p05.delta_muon_frac"", ""r0p1.delta_log_pt_sum"", ""r0p1.delta_pt_frac"", ""r0p1.missing_pt_frac"", ""r0p1.extra_pt_frac"", ""r0p1.delta_log_energy_sum"", ""r0p1.delta_eta_centroid"", ""r0p1.delta_phi_centroid"", ""r0p1.delta_r_centroid"", ""r0p1.delta_log_n"", ""r0p1.missing_n_frac"", ""r0p1.delta_charged_hadron_frac"", ""r0p1.delta_neutral_hadron_frac"", ""r0p1.delta_photon_frac"", ""r0p1.delta_electron_frac"", ""r0p1.delta_muon_frac"", ""flag.is_merged_token"", ""flag.has_missing_local_activity"", ""flag.has_large_local_shift"", ""local_reliability_score"", ""target_uncertainty_scale""]",/home/ryreu/atlas/Fresh_check/checkpoints/local_particle_residual_field_hltv2_s2p5_pilot_20260714_155824/taggers/D5_seed1/best_model_val.pt,True,,
D5_seed2,model_val,joint_reconstructor,0.7545466666666667,0.6927827194150289,0.8201015447441737,0.7545466666666667,,150000,2,accuracy,0.7545466666666667,"[""r0p02.delta_log_pt_sum"", ""r0p02.delta_pt_frac"", ""r0p02.missing_pt_frac"", ""r0p02.extra_pt_frac"", ""r0p02.delta_log_energy_sum"", ""r0p02.delta_eta_centroid"", ""r0p02.delta_phi_centroid"", ""r0p02.delta_r_centroid"", ""r0p02.delta_log_n"", ""r0p02.missing_n_frac"", ""r0p02.delta_charged_hadron_frac"", ""r0p02.delta_neutral_hadron_frac"", ""r0p02.delta_photon_frac"", ""r0p02.delta_electron_frac"", ""r0p02.delta_muon_frac"", ""r0p05.delta_log_pt_sum"", ""r0p05.delta_pt_frac"", ""r0p05.missing_pt_frac"", ""r0p05.extra_pt_frac"", ""r0p05.delta_log_energy_sum"", ""r0p05.delta_eta_centroid"", ""r0p05.delta_phi_centroid"", ""r0p05.delta_r_centroid"", ""r0p05.delta_log_n"", ""r0p05.missing_n_frac"", ""r0p05.delta_charged_hadron_frac"", ""r0p05.delta_neutral_hadron_frac"", ""r0p05.delta_photon_frac"", ""r0p05.delta_electron_frac"", ""r0p05.delta_muon_frac"", ""r0p1.delta_log_pt_sum"", ""r0p1.delta_pt_frac"", ""r0p1.missing_pt_frac"", ""r0p1.extra_pt_frac"", ""r0p1.delta_log_energy_sum"", ""r0p1.delta_eta_centroid"", ""r0p1.delta_phi_centroid"", ""r0p1.delta_r_centroid"", ""r0p1.delta_log_n"", ""r0p1.missing_n_frac"", ""r0p1.delta_charged_hadron_frac"", ""r0p1.delta_neutral_hadron_frac"", ""r0p1.delta_photon_frac"", ""r0p1.delta_electron_frac"", ""r0p1.delta_muon_frac"", ""flag.is_merged_token"", ""flag.has_missing_local_activity"", ""flag.has_large_local_shift"", ""local_reliability_score"", ""target_uncertainty_scale""]",/home/ryreu/atlas/Fresh_check/checkpoints/local_particle_residual_field_hltv2_s2p5_pilot_20260714_155824/taggers/D5_seed2/best_model_val.pt,False,"[{""accuracy"": 0.7196666666666667, ""class_index"": 0, ""class_name"": ""QCD"", ""correct"": 10795, ""support"": 15000}, {""accuracy"": 0.8122666666666667, ""class_index"": 1, ""class_name"": ""Hbb"", ""correct"": 12184, ""support"": 15000}, {""accuracy"": 0.6732, ""class_index"": 2, ""class_name"": ""Hcc"", ""correct"": 10098, ""support"": 15000}, {""accuracy"": 0.7346666666666667, ""class_index"": 3, ""class_name"": ""Hgg"", ""correct"": 11020, ""support"": 15000}, {""accuracy"": 0.716, ""class_index"": 4, ""class_name"": ""H4q"", ""correct"": 10740, ""support"": 15000}, {""accuracy"": 0.9118, ""class_index"": 5, ""class_name"": ""Hqql"", ""correct"": 13677, ""support"": 15000}, {""accuracy"": 0.4010666666666667, ""class_index"": 6, ""class_name"": ""Zqq"", ""correct"": 6016, ""support"": 15000}, {""accuracy"": 0.7219333333333333, ""class_index"": 7, ""class_name"": ""Wqq"", ""correct"": 10829, ""support"": 15000}, {""accuracy"": 0.8956666666666667, ""class_index"": 8, ""class_name"": ""Tbqq"", ""correct"": 13435, ""support"": 15000}, {""accuracy"": 0.9592, ""class_index"": 9, ""class_name"": ""Tbl"", ""correct"": 14388, ""support"": 15000}]","[[10795, 126, 361, 1309, 416, 50, 525, 907, 373, 138], [74, 12184, 1033, 284, 101, 26, 727, 102, 409, 60], [268, 702, 10098, 1030, 824, 75, 711, 703, 555, 34], [666, 309, 744, 11020, 1286, 10, 414, 332, 210, 9], [225, 109, 706, 1918, 10740, 65, 259, 372, 598, 8], [107, 17, 122, 17, 38, 13677, 96, 349, 26, 551], [898, 1135, 935, 606, 447, 93, 6016, 4612, 220, 38], [1122, 64, 334, 255, 343, 138, 1696, 10829, 199, 20], [162, 305, 356, 163, 438, 18, 29, 68, 13435, 26], [62, 51, 15, 6, 1, 438, 10, 10, 19, 14388]]"
D5_seed2,stack_val,joint_reconstructor,0.7513133333333334,0.6984565022897721,0.8268734738286336,0.7513133333333333,,150000,2,accuracy,0.7545466666666667,"[""r0p02.delta_log_pt_sum"", ""r0p02.delta_pt_frac"", ""r0p02.missing_pt_frac"", ""r0p02.extra_pt_frac"", ""r0p02.delta_log_energy_sum"", ""r0p02.delta_eta_centroid"", ""r0p02.delta_phi_centroid"", ""r0p02.delta_r_centroid"", ""r0p02.delta_log_n"", ""r0p02.missing_n_frac"", ""r0p02.delta_charged_hadron_frac"", ""r0p02.delta_neutral_hadron_frac"", ""r0p02.delta_photon_frac"", ""r0p02.delta_electron_frac"", ""r0p02.delta_muon_frac"", ""r0p05.delta_log_pt_sum"", ""r0p05.delta_pt_frac"", ""r0p05.missing_pt_frac"", ""r0p05.extra_pt_frac"", ""r0p05.delta_log_energy_sum"", ""r0p05.delta_eta_centroid"", ""r0p05.delta_phi_centroid"", ""r0p05.delta_r_centroid"", ""r0p05.delta_log_n"", ""r0p05.missing_n_frac"", ""r0p05.delta_charged_hadron_frac"", ""r0p05.delta_neutral_hadron_frac"", ""r0p05.delta_photon_frac"", ""r0p05.delta_electron_frac"", ""r0p05.delta_muon_frac"", ""r0p1.delta_log_pt_sum"", ""r0p1.delta_pt_frac"", ""r0p1.missing_pt_frac"", ""r0p1.extra_pt_frac"", ""r0p1.delta_log_energy_sum"", ""r0p1.delta_eta_centroid"", ""r0p1.delta_phi_centroid"", ""r0p1.delta_r_centroid"", ""r0p1.delta_log_n"", ""r0p1.missing_n_frac"", ""r0p1.delta_charged_hadron_frac"", ""r0p1.delta_neutral_hadron_frac"", ""r0p1.delta_photon_frac"", ""r0p1.delta_electron_frac"", ""r0p1.delta_muon_frac"", ""flag.is_merged_token"", ""flag.has_missing_local_activity"", ""flag.has_large_local_shift"", ""local_reliability_score"", ""target_uncertainty_scale""]",/home/ryreu/atlas/Fresh_check/checkpoints/local_particle_residual_field_hltv2_s2p5_pilot_20260714_155824/taggers/D5_seed2/best_model_val.pt,False,"[{""accuracy"": 0.7117333333333333, ""class_index"": 0, ""class_name"": ""QCD"", ""correct"": 10676, ""support"": 15000}, {""accuracy"": 0.8131333333333334, ""class_index"": 1, ""class_name"": ""Hbb"", ""correct"": 12197, ""support"": 15000}, {""accuracy"": 0.6715333333333333, ""class_index"": 2, ""class_name"": ""Hcc"", ""correct"": 10073, ""support"": 15000}, {""accuracy"": 0.7328666666666667, ""class_index"": 3, ""class_name"": ""Hgg"", ""correct"": 10993, ""support"": 15000}, {""accuracy"": 0.71, ""class_index"": 4, ""class_name"": ""H4q"", ""correct"": 10650, ""support"": 15000}, {""accuracy"": 0.9124, ""class_index"": 5, ""class_name"": ""Hqql"", ""correct"": 13686, ""support"": 15000}, {""accuracy"": 0.38806666666666667, ""class_index"": 6, ""class_name"": ""Zqq"", ""correct"": 5821, ""support"": 15000}, {""accuracy"": 0.7208666666666667, ""class_index"": 7, ""class_name"": ""Wqq"", ""correct"": 10813, ""support"": 15000}, {""accuracy"": 0.8955333333333333, ""class_index"": 8, ""class_name"": ""Tbqq"", ""correct"": 13433, ""support"": 15000}, {""accuracy"": 0.957, ""class_index"": 9, ""class_name"": ""Tbl"", ""correct"": 14355, ""support"": 15000}]","[[10676, 141, 350, 1399, 389, 58, 492, 966, 378, 151], [68, 12197, 993, 273, 104, 21, 724, 119, 455, 46], [292, 738, 10073, 1011, 828, 67, 728, 686, 550, 27], [687, 286, 706, 10993, 1303, 18, 446, 336, 215, 10], [239, 119, 751, 1962, 10650, 57, 240, 396, 583, 3], [103, 19, 113, 28, 47, 13686, 114, 309, 28, 553], [891, 1153, 917, 567, 465, 112, 5821, 4814, 226, 34], [1148, 78, 339, 237, 356, 177, 1626, 10813, 198, 28], [149, 311, 351, 170, 455, 24, 29, 51, 13433, 27], [77, 40, 10, 1, 2, 455, 20, 12, 28, 14355]]"
D5_seed2,final_test,joint_reconstructor,0.7524333333333333,0.697538358423555,,,,150000,2,accuracy,0.7545466666666667,"[""r0p02.delta_log_pt_sum"", ""r0p02.delta_pt_frac"", ""r0p02.missing_pt_frac"", ""r0p02.extra_pt_frac"", ""r0p02.delta_log_energy_sum"", ""r0p02.delta_eta_centroid"", ""r0p02.delta_phi_centroid"", ""r0p02.delta_r_centroid"", ""r0p02.delta_log_n"", ""r0p02.missing_n_frac"", ""r0p02.delta_charged_hadron_frac"", ""r0p02.delta_neutral_hadron_frac"", ""r0p02.delta_photon_frac"", ""r0p02.delta_electron_frac"", ""r0p02.delta_muon_frac"", ""r0p05.delta_log_pt_sum"", ""r0p05.delta_pt_frac"", ""r0p05.missing_pt_frac"", ""r0p05.extra_pt_frac"", ""r0p05.delta_log_energy_sum"", ""r0p05.delta_eta_centroid"", ""r0p05.delta_phi_centroid"", ""r0p05.delta_r_centroid"", ""r0p05.delta_log_n"", ""r0p05.missing_n_frac"", ""r0p05.delta_charged_hadron_frac"", ""r0p05.delta_neutral_hadron_frac"", ""r0p05.delta_photon_frac"", ""r0p05.delta_electron_frac"", ""r0p05.delta_muon_frac"", ""r0p1.delta_log_pt_sum"", ""r0p1.delta_pt_frac"", ""r0p1.missing_pt_frac"", ""r0p1.extra_pt_frac"", ""r0p1.delta_log_energy_sum"", ""r0p1.delta_eta_centroid"", ""r0p1.delta_phi_centroid"", ""r0p1.delta_r_centroid"", ""r0p1.delta_log_n"", ""r0p1.missing_n_frac"", ""r0p1.delta_charged_hadron_frac"", ""r0p1.delta_neutral_hadron_frac"", ""r0p1.delta_photon_frac"", ""r0p1.delta_electron_frac"", ""r0p1.delta_muon_frac"", ""flag.is_merged_token"", ""flag.has_missing_local_activity"", ""flag.has_large_local_shift"", ""local_reliability_score"", ""target_uncertainty_scale""]",/home/ryreu/atlas/Fresh_check/checkpoints/local_particle_residual_field_hltv2_s2p5_pilot_20260714_155824/taggers/D5_seed2/best_model_val.pt,True,,
D5_seed3,model_val,joint_reconstructor,0.75416,0.6944049831024806,0.8230982634162903,0.7541599999999999,,150000,3,accuracy,0.75416,"[""r0p02.delta_log_pt_sum"", ""r0p02.delta_pt_frac"", ""r0p02.missing_pt_frac"", ""r0p02.extra_pt_frac"", ""r0p02.delta_log_energy_sum"", ""r0p02.delta_eta_centroid"", ""r0p02.delta_phi_centroid"", ""r0p02.delta_r_centroid"", ""r0p02.delta_log_n"", ""r0p02.missing_n_frac"", ""r0p02.delta_charged_hadron_frac"", ""r0p02.delta_neutral_hadron_frac"", ""r0p02.delta_photon_frac"", ""r0p02.delta_electron_frac"", ""r0p02.delta_muon_frac"", ""r0p05.delta_log_pt_sum"", ""r0p05.delta_pt_frac"", ""r0p05.missing_pt_frac"", ""r0p05.extra_pt_frac"", ""r0p05.delta_log_energy_sum"", ""r0p05.delta_eta_centroid"", ""r0p05.delta_phi_centroid"", ""r0p05.delta_r_centroid"", ""r0p05.delta_log_n"", ""r0p05.missing_n_frac"", ""r0p05.delta_charged_hadron_frac"", ""r0p05.delta_neutral_hadron_frac"", ""r0p05.delta_photon_frac"", ""r0p05.delta_electron_frac"", ""r0p05.delta_muon_frac"", ""r0p1.delta_log_pt_sum"", ""r0p1.delta_pt_frac"", ""r0p1.missing_pt_frac"", ""r0p1.extra_pt_frac"", ""r0p1.delta_log_energy_sum"", ""r0p1.delta_eta_centroid"", ""r0p1.delta_phi_centroid"", ""r0p1.delta_r_centroid"", ""r0p1.delta_log_n"", ""r0p1.missing_n_frac"", ""r0p1.delta_charged_hadron_frac"", ""r0p1.delta_neutral_hadron_frac"", ""r0p1.delta_photon_frac"", ""r0p1.delta_electron_frac"", ""r0p1.delta_muon_frac"", ""flag.is_merged_token"", ""flag.has_missing_local_activity"", ""flag.has_large_local_shift"", ""local_reliability_score"", ""target_uncertainty_scale""]",/home/ryreu/atlas/Fresh_check/checkpoints/local_particle_residual_field_hltv2_s2p5_pilot_20260714_155824/taggers/D5_seed3/best_model_val.pt,False,"[{""accuracy"": 0.7231333333333333, ""class_index"": 0, ""class_name"": ""QCD"", ""correct"": 10847, ""support"": 15000}, {""accuracy"": 0.7844666666666666, ""class_index"": 1, ""class_name"": ""Hbb"", ""correct"": 11767, ""support"": 15000}, {""accuracy"": 0.6713333333333333, ""class_index"": 2, ""class_name"": ""Hcc"", ""correct"": 10070, ""support"": 15000}, {""accuracy"": 0.7168666666666667, ""class_index"": 3, ""class_name"": ""Hgg"", ""correct"": 10753, ""support"": 15000}, {""accuracy"": 0.7512, ""class_index"": 4, ""class_name"": ""H4q"", ""correct"": 11268, ""support"": 15000}, {""accuracy"": 0.9112666666666667, ""class_index"": 5, ""class_name"": ""Hqql"", ""correct"": 13669, ""support"": 15000}, {""accuracy"": 0.41273333333333334, ""class_index"": 6, ""class_name"": ""Zqq"", ""correct"": 6191, ""support"": 15000}, {""accuracy"": 0.7366666666666667, ""class_index"": 7, ""class_name"": ""Wqq"", ""correct"": 11050, ""support"": 15000}, {""accuracy"": 0.8748666666666667, ""class_index"": 8, ""class_name"": ""Tbqq"", ""correct"": 13123, ""support"": 15000}, {""accuracy"": 0.9590666666666666, ""class_index"": 9, ""class_name"": ""Tbl"", ""correct"": 14386, ""support"": 15000}]","[[10847, 103, 335, 1205, 511, 49, 555, 1018, 276, 101], [91, 11767, 1203, 302, 143, 33, 889, 123, 400, 49], [301, 541, 10070, 1063, 942, 73, 824, 721, 431, 34], [753, 271, 677, 10753, 1559, 6, 467, 352, 157, 5], [248, 66, 678, 1610, 11268, 53, 276, 375, 421, 5], [108, 12, 121, 15, 55, 13669, 95, 379, 20, 526], [873, 959, 875, 547, 490, 82, 6191, 4780, 169, 34], [1075, 38, 306, 218, 380, 119, 1653, 11050, 149, 12], [229, 301, 435, 169, 583, 22, 27, 86, 13123, 25], [92, 41, 13, 7, 2, 422, 16, 9, 12, 14386]]"
D5_seed3,stack_val,joint_reconstructor,0.7516,0.699849102563858,0.8295981836128234,0.7515999999999999,,150000,3,accuracy,0.75416,"[""r0p02.delta_log_pt_sum"", ""r0p02.delta_pt_frac"", ""r0p02.missing_pt_frac"", ""r0p02.extra_pt_frac"", ""r0p02.delta_log_energy_sum"", ""r0p02.delta_eta_centroid"", ""r0p02.delta_phi_centroid"", ""r0p02.delta_r_centroid"", ""r0p02.delta_log_n"", ""r0p02.missing_n_frac"", ""r0p02.delta_charged_hadron_frac"", ""r0p02.delta_neutral_hadron_frac"", ""r0p02.delta_photon_frac"", ""r0p02.delta_electron_frac"", ""r0p02.delta_muon_frac"", ""r0p05.delta_log_pt_sum"", ""r0p05.delta_pt_frac"", ""r0p05.missing_pt_frac"", ""r0p05.extra_pt_frac"", ""r0p05.delta_log_energy_sum"", ""r0p05.delta_eta_centroid"", ""r0p05.delta_phi_centroid"", ""r0p05.delta_r_centroid"", ""r0p05.delta_log_n"", ""r0p05.missing_n_frac"", ""r0p05.delta_charged_hadron_frac"", ""r0p05.delta_neutral_hadron_frac"", ""r0p05.delta_photon_frac"", ""r0p05.delta_electron_frac"", ""r0p05.delta_muon_frac"", ""r0p1.delta_log_pt_sum"", ""r0p1.delta_pt_frac"", ""r0p1.missing_pt_frac"", ""r0p1.extra_pt_frac"", ""r0p1.delta_log_energy_sum"", ""r0p1.delta_eta_centroid"", ""r0p1.delta_phi_centroid"", ""r0p1.delta_r_centroid"", ""r0p1.delta_log_n"", ""r0p1.missing_n_frac"", ""r0p1.delta_charged_hadron_frac"", ""r0p1.delta_neutral_hadron_frac"", ""r0p1.delta_photon_frac"", ""r0p1.delta_electron_frac"", ""r0p1.delta_muon_frac"", ""flag.is_merged_token"", ""flag.has_missing_local_activity"", ""flag.has_large_local_shift"", ""local_reliability_score"", ""target_uncertainty_scale""]",/home/ryreu/atlas/Fresh_check/checkpoints/local_particle_residual_field_hltv2_s2p5_pilot_20260714_155824/taggers/D5_seed3/best_model_val.pt,False,"[{""accuracy"": 0.7179333333333333, ""class_index"": 0, ""class_name"": ""QCD"", ""correct"": 10769, ""support"": 15000}, {""accuracy"": 0.7871333333333334, ""class_index"": 1, ""class_name"": ""Hbb"", ""correct"": 11807, ""support"": 15000}, {""accuracy"": 0.6697333333333333, ""class_index"": 2, ""class_name"": ""Hcc"", ""correct"": 10046, ""support"": 15000}, {""accuracy"": 0.7132, ""class_index"": 3, ""class_name"": ""Hgg"", ""correct"": 10698, ""support"": 15000}, {""accuracy"": 0.7462666666666666, ""class_index"": 4, ""class_name"": ""H4q"", ""correct"": 11194, ""support"": 15000}, {""accuracy"": 0.9115333333333333, ""class_index"": 5, ""class_name"": ""Hqql"", ""correct"": 13673, ""support"": 15000}, {""accuracy"": 0.4053333333333333, ""class_index"": 6, ""class_name"": ""Zqq"", ""correct"": 6080, ""support"": 15000}, {""accuracy"": 0.734, ""class_index"": 7, ""class_name"": ""Wqq"", ""correct"": 11010, ""support"": 15000}, {""accuracy"": 0.8744, ""class_index"": 8, ""class_name"": ""Tbqq"", ""correct"": 13116, ""support"": 15000}, {""accuracy"": 0.9564666666666667, ""class_index"": 9, ""class_name"": ""Tbl"", ""correct"": 14347, ""support"": 15000}]","[[10769, 117, 316, 1284, 482, 56, 541, 1044, 280, 111], [86, 11807, 1204, 285, 154, 26, 857, 136, 406, 39], [325, 566, 10046, 1041, 965, 77, 807, 706, 443, 24], [745, 243, 615, 10698, 1626, 16, 525, 368, 158, 6], [244, 69, 708, 1677, 11194, 42, 250, 405, 408, 3], [100, 13, 111, 25, 59, 13673, 108, 345, 21, 545], [872, 964, 842, 484, 526, 88, 6080, 4946, 171, 27], [1078, 32, 293, 198, 399, 133, 1688, 11010, 150, 19], [212, 306, 431, 170, 596, 38, 34, 75, 13116, 22], [89, 34, 8, 5, 4, 447, 17, 22, 27, 14347]]"
D5_seed3,final_test,joint_reconstructor,0.7528333333333334,0.6975854826016473,,,,150000,3,accuracy,0.75416,"[""r0p02.delta_log_pt_sum"", ""r0p02.delta_pt_frac"", ""r0p02.missing_pt_frac"", ""r0p02.extra_pt_frac"", ""r0p02.delta_log_energy_sum"", ""r0p02.delta_eta_centroid"", ""r0p02.delta_phi_centroid"", ""r0p02.delta_r_centroid"", ""r0p02.delta_log_n"", ""r0p02.missing_n_frac"", ""r0p02.delta_charged_hadron_frac"", ""r0p02.delta_neutral_hadron_frac"", ""r0p02.delta_photon_frac"", ""r0p02.delta_electron_frac"", ""r0p02.delta_muon_frac"", ""r0p05.delta_log_pt_sum"", ""r0p05.delta_pt_frac"", ""r0p05.missing_pt_frac"", ""r0p05.extra_pt_frac"", ""r0p05.delta_log_energy_sum"", ""r0p05.delta_eta_centroid"", ""r0p05.delta_phi_centroid"", ""r0p05.delta_r_centroid"", ""r0p05.delta_log_n"", ""r0p05.missing_n_frac"", ""r0p05.delta_charged_hadron_frac"", ""r0p05.delta_neutral_hadron_frac"", ""r0p05.delta_photon_frac"", ""r0p05.delta_electron_frac"", ""r0p05.delta_muon_frac"", ""r0p1.delta_log_pt_sum"", ""r0p1.delta_pt_frac"", ""r0p1.missing_pt_frac"", ""r0p1.extra_pt_frac"", ""r0p1.delta_log_energy_sum"", ""r0p1.delta_eta_centroid"", ""r0p1.delta_phi_centroid"", ""r0p1.delta_r_centroid"", ""r0p1.delta_log_n"", ""r0p1.missing_n_frac"", ""r0p1.delta_charged_hadron_frac"", ""r0p1.delta_neutral_hadron_frac"", ""r0p1.delta_photon_frac"", ""r0p1.delta_electron_frac"", ""r0p1.delta_muon_frac"", ""flag.is_merged_token"", ""flag.has_missing_local_activity"", ""flag.has_large_local_shift"", ""local_reliability_score"", ""target_uncertainty_scale""]",/home/ryreu/atlas/Fresh_check/checkpoints/local_particle_residual_field_hltv2_s2p5_pilot_20260714_155824/taggers/D5_seed3/best_model_val.pt,True,,
D6,model_val,joint_reconstructor,0.75406,0.7027847348578771,0.5231291320959727,0.7540600000000001,,150000,8,accuracy,0.75406,"[""r0p02.delta_log_pt_sum"", ""r0p02.delta_pt_frac"", ""r0p02.missing_pt_frac"", ""r0p02.extra_pt_frac"", ""r0p02.delta_log_energy_sum"", ""r0p02.delta_eta_centroid"", ""r0p02.delta_phi_centroid"", ""r0p02.delta_r_centroid"", ""r0p02.delta_log_n"", ""r0p02.missing_n_frac"", ""r0p02.delta_charged_hadron_frac"", ""r0p02.delta_neutral_hadron_frac"", ""r0p02.delta_photon_frac"", ""r0p02.delta_electron_frac"", ""r0p02.delta_muon_frac"", ""r0p05.delta_log_pt_sum"", ""r0p05.delta_pt_frac"", ""r0p05.missing_pt_frac"", ""r0p05.extra_pt_frac"", ""r0p05.delta_log_energy_sum"", ""r0p05.delta_eta_centroid"", ""r0p05.delta_phi_centroid"", ""r0p05.delta_r_centroid"", ""r0p05.delta_log_n"", ""r0p05.missing_n_frac"", ""r0p05.delta_charged_hadron_frac"", ""r0p05.delta_neutral_hadron_frac"", ""r0p05.delta_photon_frac"", ""r0p05.delta_electron_frac"", ""r0p05.delta_muon_frac"", ""r0p1.delta_log_pt_sum"", ""r0p1.delta_pt_frac"", ""r0p1.missing_pt_frac"", ""r0p1.extra_pt_frac"", ""r0p1.delta_log_energy_sum"", ""r0p1.delta_eta_centroid"", ""r0p1.delta_phi_centroid"", ""r0p1.delta_r_centroid"", ""r0p1.delta_log_n"", ""r0p1.missing_n_frac"", ""r0p1.delta_charged_hadron_frac"", ""r0p1.delta_neutral_hadron_frac"", ""r0p1.delta_photon_frac"", ""r0p1.delta_electron_frac"", ""r0p1.delta_muon_frac"", ""flag.is_merged_token"", ""flag.has_missing_local_activity"", ""flag.has_large_local_shift"", ""local_reliability_score"", ""target_uncertainty_scale""]",/home/ryreu/atlas/Fresh_check/checkpoints/local_particle_residual_field_hltv2_s2p5_pilot_20260714_155824/taggers/D6/best_model_val.pt,False,"[{""accuracy"": 0.6874666666666667, ""class_index"": 0, ""class_name"": ""QCD"", ""correct"": 10312, ""support"": 15000}, {""accuracy"": 0.8175333333333333, ""class_index"": 1, ""class_name"": ""Hbb"", ""correct"": 12263, ""support"": 15000}, {""accuracy"": 0.6346, ""class_index"": 2, ""class_name"": ""Hcc"", ""correct"": 9519, ""support"": 15000}, {""accuracy"": 0.7244666666666667, ""class_index"": 3, ""class_name"": ""Hgg"", ""correct"": 10867, ""support"": 15000}, {""accuracy"": 0.7624666666666666, ""class_index"": 4, ""class_name"": ""H4q"", ""correct"": 11437, ""support"": 15000}, {""accuracy"": 0.9175333333333333, ""class_index"": 5, ""class_name"": ""Hqql"", ""correct"": 13763, ""support"": 15000}, {""accuracy"": 0.40273333333333333, ""class_index"": 6, ""class_name"": ""Zqq"", ""correct"": 6041, ""support"": 15000}, {""accuracy"": 0.758, ""class_index"": 7, ""class_name"": ""Wqq"", ""correct"": 11370, ""support"": 15000}, {""accuracy"": 0.88, ""class_index"": 8, ""class_name"": ""Tbqq"", ""correct"": 13200, ""support"": 15000}, {""accuracy"": 0.9558, ""class_index"": 9, ""class_name"": ""Tbl"", ""correct"": 14337, ""support"": 15000}]","[[10312, 129, 291, 1409, 523, 67, 527, 1281, 314, 147], [79, 12263, 838, 245, 160, 27, 851, 133, 360, 44], [268, 864, 9519, 1044, 1048, 89, 877, 757, 502, 32], [514, 334, 593, 10867, 1681, 13, 491, 364, 136, 7], [144, 96, 514, 1513, 11437, 67, 332, 427, 465, 5], [94, 11, 99, 17, 52, 13763, 101, 383, 20, 460], [661, 1071, 763, 626, 473, 93, 6041, 5058, 175, 39], [824, 52, 257, 284, 365, 135, 1541, 11370, 159, 13], [150, 376, 309, 228, 576, 22, 47, 75, 13200, 17], [71, 54, 12, 5, 2, 474, 11, 15, 19, 14337]]"
D6,stack_val,joint_reconstructor,0.7509266666666666,0.7091796607573827,0.5350585068511963,0.7509266666666667,,150000,8,accuracy,0.75406,"[""r0p02.delta_log_pt_sum"", ""r0p02.delta_pt_frac"", ""r0p02.missing_pt_frac"", ""r0p02.extra_pt_frac"", ""r0p02.delta_log_energy_sum"", ""r0p02.delta_eta_centroid"", ""r0p02.delta_phi_centroid"", ""r0p02.delta_r_centroid"", ""r0p02.delta_log_n"", ""r0p02.missing_n_frac"", ""r0p02.delta_charged_hadron_frac"", ""r0p02.delta_neutral_hadron_frac"", ""r0p02.delta_photon_frac"", ""r0p02.delta_electron_frac"", ""r0p02.delta_muon_frac"", ""r0p05.delta_log_pt_sum"", ""r0p05.delta_pt_frac"", ""r0p05.missing_pt_frac"", ""r0p05.extra_pt_frac"", ""r0p05.delta_log_energy_sum"", ""r0p05.delta_eta_centroid"", ""r0p05.delta_phi_centroid"", ""r0p05.delta_r_centroid"", ""r0p05.delta_log_n"", ""r0p05.missing_n_frac"", ""r0p05.delta_charged_hadron_frac"", ""r0p05.delta_neutral_hadron_frac"", ""r0p05.delta_photon_frac"", ""r0p05.delta_electron_frac"", ""r0p05.delta_muon_frac"", ""r0p1.delta_log_pt_sum"", ""r0p1.delta_pt_frac"", ""r0p1.missing_pt_frac"", ""r0p1.extra_pt_frac"", ""r0p1.delta_log_energy_sum"", ""r0p1.delta_eta_centroid"", ""r0p1.delta_phi_centroid"", ""r0p1.delta_r_centroid"", ""r0p1.delta_log_n"", ""r0p1.missing_n_frac"", ""r0p1.delta_charged_hadron_frac"", ""r0p1.delta_neutral_hadron_frac"", ""r0p1.delta_photon_frac"", ""r0p1.delta_electron_frac"", ""r0p1.delta_muon_frac"", ""flag.is_merged_token"", ""flag.has_missing_local_activity"", ""flag.has_large_local_shift"", ""local_reliability_score"", ""target_uncertainty_scale""]",/home/ryreu/atlas/Fresh_check/checkpoints/local_particle_residual_field_hltv2_s2p5_pilot_20260714_155824/taggers/D6/best_model_val.pt,False,"[{""accuracy"": 0.6818666666666666, ""class_index"": 0, ""class_name"": ""QCD"", ""correct"": 10228, ""support"": 15000}, {""accuracy"": 0.8200666666666667, ""class_index"": 1, ""class_name"": ""Hbb"", ""correct"": 12301, ""support"": 15000}, {""accuracy"": 0.6296, ""class_index"": 2, ""class_name"": ""Hcc"", ""correct"": 9444, ""support"": 15000}, {""accuracy"": 0.7181333333333333, ""class_index"": 3, ""class_name"": ""Hgg"", ""correct"": 10772, ""support"": 15000}, {""accuracy"": 0.7578666666666667, ""class_index"": 4, ""class_name"": ""H4q"", ""correct"": 11368, ""support"": 15000}, {""accuracy"": 0.9183333333333333, ""class_index"": 5, ""class_name"": ""Hqql"", ""correct"": 13775, ""support"": 15000}, {""accuracy"": 0.3948, ""class_index"": 6, ""class_name"": ""Zqq"", ""correct"": 5922, ""support"": 15000}, {""accuracy"": 0.7567333333333334, ""class_index"": 7, ""class_name"": ""Wqq"", ""correct"": 11351, ""support"": 15000}, {""accuracy"": 0.8800666666666667, ""class_index"": 8, ""class_name"": ""Tbqq"", ""correct"": 13201, ""support"": 15000}, {""accuracy"": 0.9518, ""class_index"": 9, ""class_name"": ""Tbl"", ""correct"": 14277, ""support"": 15000}]","[[10228, 141, 279, 1483, 506, 59, 518, 1301, 316, 169], [75, 12301, 829, 227, 146, 27, 822, 153, 380, 40], [275, 902, 9444, 1014, 1088, 86, 886, 767, 520, 18], [540, 300, 566, 10772, 1744, 19, 507, 396, 147, 9], [168, 99, 542, 1584, 11368, 46, 306, 444, 441, 2], [89, 13, 89, 29, 54, 13775, 109, 348, 22, 472], [664, 1050, 720, 554, 510, 116, 5922, 5242, 186, 36], [834, 51, 267, 245, 342, 167, 1554, 11351, 172, 17], [132, 372, 312, 198, 611, 42, 40, 71, 13201, 21], [70, 41, 8, 2, 3, 523, 21, 21, 34, 14277]]"
D6,final_test,joint_reconstructor,0.7518333333333334,0.705483973626561,,,,150000,8,accuracy,0.75406,"[""r0p02.delta_log_pt_sum"", ""r0p02.delta_pt_frac"", ""r0p02.missing_pt_frac"", ""r0p02.extra_pt_frac"", ""r0p02.delta_log_energy_sum"", ""r0p02.delta_eta_centroid"", ""r0p02.delta_phi_centroid"", ""r0p02.delta_r_centroid"", ""r0p02.delta_log_n"", ""r0p02.missing_n_frac"", ""r0p02.delta_charged_hadron_frac"", ""r0p02.delta_neutral_hadron_frac"", ""r0p02.delta_photon_frac"", ""r0p02.delta_electron_frac"", ""r0p02.delta_muon_frac"", ""r0p05.delta_log_pt_sum"", ""r0p05.delta_pt_frac"", ""r0p05.missing_pt_frac"", ""r0p05.extra_pt_frac"", ""r0p05.delta_log_energy_sum"", ""r0p05.delta_eta_centroid"", ""r0p05.delta_phi_centroid"", ""r0p05.delta_r_centroid"", ""r0p05.delta_log_n"", ""r0p05.missing_n_frac"", ""r0p05.delta_charged_hadron_frac"", ""r0p05.delta_neutral_hadron_frac"", ""r0p05.delta_photon_frac"", ""r0p05.delta_electron_frac"", ""r0p05.delta_muon_frac"", ""r0p1.delta_log_pt_sum"", ""r0p1.delta_pt_frac"", ""r0p1.missing_pt_frac"", ""r0p1.extra_pt_frac"", ""r0p1.delta_log_energy_sum"", ""r0p1.delta_eta_centroid"", ""r0p1.delta_phi_centroid"", ""r0p1.delta_r_centroid"", ""r0p1.delta_log_n"", ""r0p1.missing_n_frac"", ""r0p1.delta_charged_hadron_frac"", ""r0p1.delta_neutral_hadron_frac"", ""r0p1.delta_photon_frac"", ""r0p1.delta_electron_frac"", ""r0p1.delta_muon_frac"", ""flag.is_merged_token"", ""flag.has_missing_local_activity"", ""flag.has_large_local_shift"", ""local_reliability_score"", ""target_uncertainty_scale""]",/home/ryreu/atlas/Fresh_check/checkpoints/local_particle_residual_field_hltv2_s2p5_pilot_20260714_155824/taggers/D6/best_model_val.pt,True,,
E0,model_val,joint_reconstructor,0.7546,0.7003306806087494,0.825494530620575,0.7546,,150000,8,accuracy,0.7546,"[""r0p02.delta_log_pt_sum"", ""r0p02.delta_pt_frac"", ""r0p02.missing_pt_frac"", ""r0p02.extra_pt_frac"", ""r0p02.delta_log_energy_sum"", ""r0p05.delta_log_pt_sum"", ""r0p05.delta_pt_frac"", ""r0p05.missing_pt_frac"", ""r0p05.extra_pt_frac"", ""r0p05.delta_log_energy_sum"", ""r0p1.delta_log_pt_sum"", ""r0p1.delta_pt_frac"", ""r0p1.missing_pt_frac"", ""r0p1.extra_pt_frac"", ""r0p1.delta_log_energy_sum""]",/home/ryreu/atlas/Fresh_check/checkpoints/local_particle_residual_field_hltv2_s2p5_pilot_20260714_155824/taggers/E0/best_model_val.pt,False,"[{""accuracy"": 0.6772, ""class_index"": 0, ""class_name"": ""QCD"", ""correct"": 10158, ""support"": 15000}, {""accuracy"": 0.8088, ""class_index"": 1, ""class_name"": ""Hbb"", ""correct"": 12132, ""support"": 15000}, {""accuracy"": 0.6408666666666667, ""class_index"": 2, ""class_name"": ""Hcc"", ""correct"": 9613, ""support"": 15000}, {""accuracy"": 0.7196666666666667, ""class_index"": 3, ""class_name"": ""Hgg"", ""correct"": 10795, ""support"": 15000}, {""accuracy"": 0.7777333333333334, ""class_index"": 4, ""class_name"": ""H4q"", ""correct"": 11666, ""support"": 15000}, {""accuracy"": 0.9252, ""class_index"": 5, ""class_name"": ""Hqql"", ""correct"": 13878, ""support"": 15000}, {""accuracy"": 0.41426666666666667, ""class_index"": 6, ""class_name"": ""Zqq"", ""correct"": 6214, ""support"": 15000}, {""accuracy"": 0.753, ""class_index"": 7, ""class_name"": ""Wqq"", ""correct"": 11295, ""support"": 15000}, {""accuracy"": 0.8828, ""class_index"": 8, ""class_name"": ""Tbqq"", ""correct"": 13242, ""support"": 15000}, {""accuracy"": 0.9464666666666667, ""class_index"": 9, ""class_name"": ""Tbl"", ""correct"": 14197, ""support"": 15000}]","[[10158, 124, 300, 1454, 553, 61, 546, 1357, 320, 127], [65, 12132, 889, 254, 160, 27, 899, 133, 397, 44], [236, 787, 9613, 995, 1149, 93, 874, 728, 495, 30], [450, 299, 639, 10795, 1818, 14, 487, 341, 150, 7], [122, 81, 481, 1405, 11666, 78, 312, 391, 462, 2], [90, 7, 95, 16, 49, 13878, 97, 380, 18, 370], [617, 1014, 787, 621, 515, 102, 6214, 4919, 179, 32], [765, 48, 268, 284, 389, 143, 1631, 11295, 165, 12], [141, 342, 318, 193, 610, 29, 36, 71, 13242, 18], [79, 49, 15, 5, 2, 604, 18, 16, 15, 14197]]"
E0,stack_val,joint_reconstructor,0.7512533333333333,0.7070682226165136,0.8331953053474426,0.7512533333333333,,150000,8,accuracy,0.7546,"[""r0p02.delta_log_pt_sum"", ""r0p02.delta_pt_frac"", ""r0p02.missing_pt_frac"", ""r0p02.extra_pt_frac"", ""r0p02.delta_log_energy_sum"", ""r0p05.delta_log_pt_sum"", ""r0p05.delta_pt_frac"", ""r0p05.missing_pt_frac"", ""r0p05.extra_pt_frac"", ""r0p05.delta_log_energy_sum"", ""r0p1.delta_log_pt_sum"", ""r0p1.delta_pt_frac"", ""r0p1.missing_pt_frac"", ""r0p1.extra_pt_frac"", ""r0p1.delta_log_energy_sum""]",/home/ryreu/atlas/Fresh_check/checkpoints/local_particle_residual_field_hltv2_s2p5_pilot_20260714_155824/taggers/E0/best_model_val.pt,False,"[{""accuracy"": 0.6726, ""class_index"": 0, ""class_name"": ""QCD"", ""correct"": 10089, ""support"": 15000}, {""accuracy"": 0.8107333333333333, ""class_index"": 1, ""class_name"": ""Hbb"", ""correct"": 12161, ""support"": 15000}, {""accuracy"": 0.6374, ""class_index"": 2, ""class_name"": ""Hcc"", ""correct"": 9561, ""support"": 15000}, {""accuracy"": 0.7127333333333333, ""class_index"": 3, ""class_name"": ""Hgg"", ""correct"": 10691, ""support"": 15000}, {""accuracy"": 0.7729333333333334, ""class_index"": 4, ""class_name"": ""H4q"", ""correct"": 11594, ""support"": 15000}, {""accuracy"": 0.9266666666666666, ""class_index"": 5, ""class_name"": ""Hqql"", ""correct"": 13900, ""support"": 15000}, {""accuracy"": 0.4054, ""class_index"": 6, ""class_name"": ""Zqq"", ""correct"": 6081, ""support"": 15000}, {""accuracy"": 0.7486, ""class_index"": 7, ""class_name"": ""Wqq"", ""correct"": 11229, ""support"": 15000}, {""accuracy"": 0.8834, ""class_index"": 8, ""class_name"": ""Tbqq"", ""correct"": 13251, ""support"": 15000}, {""accuracy"": 0.9420666666666667, ""class_index"": 9, ""class_name"": ""Tbl"", ""correct"": 14131, ""support"": 15000}]","[[10089, 139, 295, 1513, 532, 67, 541, 1363, 324, 137], [65, 12161, 871, 241, 167, 30, 860, 151, 416, 38], [247, 790, 9561, 977, 1172, 97, 861, 734, 542, 19], [472, 277, 600, 10691, 1907, 26, 490, 375, 155, 7], [146, 90, 500, 1458, 11594, 53, 301, 429, 427, 2], [86, 14, 88, 26, 51, 13900, 102, 356, 22, 355], [612, 965, 746, 559, 561, 127, 6081, 5124, 195, 30], [756, 47, 276, 237, 384, 182, 1700, 11229, 174, 15], [123, 353, 296, 181, 625, 43, 40, 68, 13251, 20], [77, 39, 5, 4, 3, 667, 18, 23, 33, 14131]]"
E1,model_val,joint_reconstructor,0.7544,0.7004252882830302,0.8260864224529266,0.7544,,150000,8,accuracy,0.7544,"[""r0p02.delta_eta_centroid"", ""r0p02.delta_phi_centroid"", ""r0p02.delta_r_centroid"", ""r0p05.delta_eta_centroid"", ""r0p05.delta_phi_centroid"", ""r0p05.delta_r_centroid"", ""r0p1.delta_eta_centroid"", ""r0p1.delta_phi_centroid"", ""r0p1.delta_r_centroid""]",/home/ryreu/atlas/Fresh_check/checkpoints/local_particle_residual_field_hltv2_s2p5_pilot_20260714_155824/taggers/E1/best_model_val.pt,False,"[{""accuracy"": 0.6769333333333334, ""class_index"": 0, ""class_name"": ""QCD"", ""correct"": 10154, ""support"": 15000}, {""accuracy"": 0.8089333333333333, ""class_index"": 1, ""class_name"": ""Hbb"", ""correct"": 12134, ""support"": 15000}, {""accuracy"": 0.6418, ""class_index"": 2, ""class_name"": ""Hcc"", ""correct"": 9627, ""support"": 15000}, {""accuracy"": 0.719, ""class_index"": 3, ""class_name"": ""Hgg"", ""correct"": 10785, ""support"": 15000}, {""accuracy"": 0.7768, ""class_index"": 4, ""class_name"": ""H4q"", ""correct"": 11652, ""support"": 15000}, {""accuracy"": 0.9250666666666667, ""class_index"": 5, ""class_name"": ""Hqql"", ""correct"": 13876, ""support"": 15000}, {""accuracy"": 0.41386666666666666, ""class_index"": 6, ""class_name"": ""Zqq"", ""correct"": 6208, ""support"": 15000}, {""accuracy"": 0.7527333333333334, ""class_index"": 7, ""class_name"": ""Wqq"", ""correct"": 11291, ""support"": 15000}, {""accuracy"": 0.8827333333333334, ""class_index"": 8, ""class_name"": ""Tbqq"", ""correct"": 13241, ""support"": 15000}, {""accuracy"": 0.9461333333333334, ""class_index"": 9, ""class_name"": ""Tbl"", ""correct"": 14192, ""support"": 15000}]","[[10154, 124, 299, 1454, 557, 60, 549, 1359, 320, 124], [65, 12134, 889, 254, 161, 27, 897, 132, 396, 45], [235, 784, 9627, 993, 1147, 94, 867, 727, 496, 30], [450, 298, 643, 10785, 1821, 14, 493, 339, 150, 7], [121, 82, 481, 1416, 11652, 77, 313, 393, 461, 4], [89, 8, 95, 16, 49, 13876, 96, 383, 18, 370], [619, 1009, 794, 619, 515, 102, 6208, 4918, 183, 33], [764, 48, 264, 284, 395, 144, 1633, 11291, 165, 12], [140, 345, 319, 194, 606, 30, 36, 71, 13241, 18], [79, 50, 15, 5, 2, 608, 18, 16, 15, 14192]]"
E1,stack_val,joint_reconstructor,0.7514066666666667,0.7071751956303914,0.8338018638865153,0.7514066666666667,,150000,8,accuracy,0.7544,"[""r0p02.delta_eta_centroid"", ""r0p02.delta_phi_centroid"", ""r0p02.delta_r_centroid"", ""r0p05.delta_eta_centroid"", ""r0p05.delta_phi_centroid"", ""r0p05.delta_r_centroid"", ""r0p1.delta_eta_centroid"", ""r0p1.delta_phi_centroid"", ""r0p1.delta_r_centroid""]",/home/ryreu/atlas/Fresh_check/checkpoints/local_particle_residual_field_hltv2_s2p5_pilot_20260714_155824/taggers/E1/best_model_val.pt,False,"[{""accuracy"": 0.6729333333333334, ""class_index"": 0, ""class_name"": ""QCD"", ""correct"": 10094, ""support"": 15000}, {""accuracy"": 0.8108666666666666, ""class_index"": 1, ""class_name"": ""Hbb"", ""correct"": 12163, ""support"": 15000}, {""accuracy"": 0.6378666666666667, ""class_index"": 2, ""class_name"": ""Hcc"", ""correct"": 9568, ""support"": 15000}, {""accuracy"": 0.7122666666666667, ""class_index"": 3, ""class_name"": ""Hgg"", ""correct"": 10684, ""support"": 15000}, {""accuracy"": 0.7730666666666667, ""class_index"": 4, ""class_name"": ""H4q"", ""correct"": 11596, ""support"": 15000}, {""accuracy"": 0.9268, ""class_index"": 5, ""class_name"": ""Hqql"", ""correct"": 13902, ""support"": 15000}, {""accuracy"": 0.4062, ""class_index"": 6, ""class_name"": ""Zqq"", ""correct"": 6093, ""support"": 15000}, {""accuracy"": 0.7482666666666666, ""class_index"": 7, ""class_name"": ""Wqq"", ""correct"": 11224, ""support"": 15000}, {""accuracy"": 0.8836666666666667, ""class_index"": 8, ""class_name"": ""Tbqq"", ""correct"": 13255, ""support"": 15000}, {""accuracy"": 0.9421333333333334, ""class_index"": 9, ""class_name"": ""Tbl"", ""correct"": 14132, ""support"": 15000}]","[[10094, 137, 299, 1515, 528, 67, 540, 1363, 322, 135], [64, 12163, 866, 241, 169, 29, 863, 153, 414, 38], [245, 788, 9568, 976, 1176, 95, 862, 730, 541, 19], [469, 276, 604, 10684, 1911, 26, 487, 377, 159, 7], [146, 91, 494, 1465, 11596, 53, 297, 428, 428, 2], [86, 13, 86, 25, 50, 13902, 102, 358, 22, 356], [610, 961, 744, 561, 560, 125, 6093, 5123, 193, 30], [759, 47, 278, 236, 385, 179, 1706, 11224, 171, 15], [125, 353, 299, 179, 616, 44, 40, 69, 13255, 20], [76, 40, 5, 4, 3, 667, 17, 23, 33, 14132]]"
E2,model_val,joint_reconstructor,0.7542066666666667,0.7004621608448028,0.8267617378155391,0.7542066666666666,,150000,8,accuracy,0.7542066666666667,"[""r0p02.delta_log_n"", ""r0p02.missing_n_frac"", ""r0p05.delta_log_n"", ""r0p05.missing_n_frac"", ""r0p1.delta_log_n"", ""r0p1.missing_n_frac""]",/home/ryreu/atlas/Fresh_check/checkpoints/local_particle_residual_field_hltv2_s2p5_pilot_20260714_155824/taggers/E2/best_model_val.pt,False,"[{""accuracy"": 0.6766, ""class_index"": 0, ""class_name"": ""QCD"", ""correct"": 10149, ""support"": 15000}, {""accuracy"": 0.8083333333333333, ""class_index"": 1, ""class_name"": ""Hbb"", ""correct"": 12125, ""support"": 15000}, {""accuracy"": 0.6417333333333334, ""class_index"": 2, ""class_name"": ""Hcc"", ""correct"": 9626, ""support"": 15000}, {""accuracy"": 0.7192666666666667, ""class_index"": 3, ""class_name"": ""Hgg"", ""correct"": 10789, ""support"": 15000}, {""accuracy"": 0.7763333333333333, ""class_index"": 4, ""class_name"": ""H4q"", ""correct"": 11645, ""support"": 15000}, {""accuracy"": 0.925, ""class_index"": 5, ""class_name"": ""Hqql"", ""correct"": 13875, ""support"": 15000}, {""accuracy"": 0.4138, ""class_index"": 6, ""class_name"": ""Zqq"", ""correct"": 6207, ""support"": 15000}, {""accuracy"": 0.7519333333333333, ""class_index"": 7, ""class_name"": ""Wqq"", ""correct"": 11279, ""support"": 15000}, {""accuracy"": 0.8829333333333333, ""class_index"": 8, ""class_name"": ""Tbqq"", ""correct"": 13244, ""support"": 15000}, {""accuracy"": 0.9461333333333334, ""class_index"": 9, ""class_name"": ""Tbl"", ""correct"": 14192, ""support"": 15000}]","[[10149, 124, 299, 1455, 557, 61, 553, 1357, 321, 124], [66, 12125, 892, 254, 161, 28, 902, 132, 394, 46], [235, 784, 9626, 995, 1146, 94, 870, 725, 495, 30], [449, 298, 644, 10789, 1821, 14, 491, 340, 147, 7], [123, 83, 481, 1416, 11645, 77, 315, 393, 464, 3], [88, 8, 95, 16, 48, 13875, 96, 389, 18, 367], [622, 1004, 796, 625, 518, 101, 6207, 4912, 182, 33], [767, 46, 265, 286, 397, 144, 1640, 11279, 164, 12], [141, 342, 317, 193, 608, 30, 36, 71, 13244, 18], [79, 50, 15, 5, 2, 608, 18, 16, 15, 14192]]"
E2,stack_val,joint_reconstructor,0.7514266666666667,0.7072284774208069,0.8344954919910431,0.7514266666666666,,150000,8,accuracy,0.7542066666666667,"[""r0p02.delta_log_n"", ""r0p02.missing_n_frac"", ""r0p05.delta_log_n"", ""r0p05.missing_n_frac"", ""r0p1.delta_log_n"", ""r0p1.missing_n_frac""]",/home/ryreu/atlas/Fresh_check/checkpoints/local_particle_residual_field_hltv2_s2p5_pilot_20260714_155824/taggers/E2/best_model_val.pt,False,"[{""accuracy"": 0.6728666666666666, ""class_index"": 0, ""class_name"": ""QCD"", ""correct"": 10093, ""support"": 15000}, {""accuracy"": 0.8111333333333334, ""class_index"": 1, ""class_name"": ""Hbb"", ""correct"": 12167, ""support"": 15000}, {""accuracy"": 0.6380666666666667, ""class_index"": 2, ""class_name"": ""Hcc"", ""correct"": 9571, ""support"": 15000}, {""accuracy"": 0.7128, ""class_index"": 3, ""class_name"": ""Hgg"", ""correct"": 10692, ""support"": 15000}, {""accuracy"": 0.773, ""class_index"": 4, ""class_name"": ""H4q"", ""correct"": 11595, ""support"": 15000}, {""accuracy"": 0.927, ""class_index"": 5, ""class_name"": ""Hqql"", ""correct"": 13905, ""support"": 15000}, {""accuracy"": 0.406, ""class_index"": 6, ""class_name"": ""Zqq"", ""correct"": 6090, ""support"": 15000}, {""accuracy"": 0.748, ""class_index"": 7, ""class_name"": ""Wqq"", ""correct"": 11220, ""support"": 15000}, {""accuracy"": 0.8834666666666666, ""class_index"": 8, ""class_name"": ""Tbqq"", ""correct"": 13252, ""support"": 15000}, {""accuracy"": 0.9419333333333333, ""class_index"": 9, ""class_name"": ""Tbl"", ""correct"": 14129, ""support"": 15000}]","[[10093, 137, 298, 1517, 530, 66, 541, 1362, 321, 135], [64, 12167, 866, 241, 166, 31, 858, 156, 414, 37], [243, 792, 9571, 981, 1173, 95, 859, 727, 540, 19], [470, 276, 596, 10692, 1910, 26, 488, 375, 160, 7], [146, 93, 498, 1466, 11595, 53, 299, 424, 425, 1], [86, 12, 85, 25, 49, 13905, 102, 361, 22, 353], [614, 963, 746, 564, 561, 125, 6090, 5115, 192, 30], [759, 47, 281, 237, 384, 180, 1703, 11220, 174, 15], [125, 352, 299, 180, 620, 45, 39, 68, 13252, 20], [76, 39, 5, 4, 3, 670, 19, 22, 33, 14129]]"
E3,model_val,joint_reconstructor,0.7546266666666667,0.7003209399223328,0.8254909270318349,0.7546266666666667,,150000,8,accuracy,0.7546266666666667,"[""r0p02.delta_charged_hadron_frac"", ""r0p02.delta_neutral_hadron_frac"", ""r0p02.delta_photon_frac"", ""r0p02.delta_electron_frac"", ""r0p02.delta_muon_frac"", ""r0p05.delta_charged_hadron_frac"", ""r0p05.delta_neutral_hadron_frac"", ""r0p05.delta_photon_frac"", ""r0p05.delta_electron_frac"", ""r0p05.delta_muon_frac"", ""r0p1.delta_charged_hadron_frac"", ""r0p1.delta_neutral_hadron_frac"", ""r0p1.delta_photon_frac"", ""r0p1.delta_electron_frac"", ""r0p1.delta_muon_frac""]",/home/ryreu/atlas/Fresh_check/checkpoints/local_particle_residual_field_hltv2_s2p5_pilot_20260714_155824/taggers/E3/best_model_val.pt,False,"[{""accuracy"": 0.6776, ""class_index"": 0, ""class_name"": ""QCD"", ""correct"": 10164, ""support"": 15000}, {""accuracy"": 0.8088, ""class_index"": 1, ""class_name"": ""Hbb"", ""correct"": 12132, ""support"": 15000}, {""accuracy"": 0.6408, ""class_index"": 2, ""class_name"": ""Hcc"", ""correct"": 9612, ""support"": 15000}, {""accuracy"": 0.7194666666666667, ""class_index"": 3, ""class_name"": ""Hgg"", ""correct"": 10792, ""support"": 15000}, {""accuracy"": 0.7776, ""class_index"": 4, ""class_name"": ""H4q"", ""correct"": 11664, ""support"": 15000}, {""accuracy"": 0.9252, ""class_index"": 5, ""class_name"": ""Hqql"", ""correct"": 13878, ""support"": 15000}, {""accuracy"": 0.41446666666666665, ""class_index"": 6, ""class_name"": ""Zqq"", ""correct"": 6217, ""support"": 15000}, {""accuracy"": 0.753, ""class_index"": 7, ""class_name"": ""Wqq"", ""correct"": 11295, ""support"": 15000}, {""accuracy"": 0.8828666666666667, ""class_index"": 8, ""class_name"": ""Tbqq"", ""correct"": 13243, ""support"": 15000}, {""accuracy"": 0.9464666666666667, ""class_index"": 9, ""class_name"": ""Tbl"", ""correct"": 14197, ""support"": 15000}]","[[10164, 124, 301, 1450, 552, 60, 548, 1356, 320, 125], [65, 12132, 886, 256, 162, 27, 898, 133, 397, 44], [236, 787, 9612, 994, 1152, 92, 874, 728, 495, 30], [451, 299, 640, 10792, 1819, 14, 488, 340, 150, 7], [122, 81, 481, 1407, 11664, 78, 312, 390, 463, 2], [89, 8, 95, 16, 48, 13878, 99, 379, 18, 370], [620, 1015, 786, 621, 515, 102, 6217, 4911, 181, 32], [763, 48, 269, 284, 389, 143, 1631, 11295, 166, 12], [141, 342, 319, 193, 608, 29, 36, 71, 13243, 18], [79, 49, 15, 5, 2, 604, 18, 16, 15, 14197]]"
E3,stack_val,joint_reconstructor,0.7513133333333334,0.7070493247111639,0.8331802912139893,0.7513133333333333,,150000,8,accuracy,0.7546266666666667,"[""r0p02.delta_charged_hadron_frac"", ""r0p02.delta_neutral_hadron_frac"", ""r0p02.delta_photon_frac"", ""r0p02.delta_electron_frac"", ""r0p02.delta_muon_frac"", ""r0p05.delta_charged_hadron_frac"", ""r0p05.delta_neutral_hadron_frac"", ""r0p05.delta_photon_frac"", ""r0p05.delta_electron_frac"", ""r0p05.delta_muon_frac"", ""r0p1.delta_charged_hadron_frac"", ""r0p1.delta_neutral_hadron_frac"", ""r0p1.delta_photon_frac"", ""r0p1.delta_electron_frac"", ""r0p1.delta_muon_frac""]",/home/ryreu/atlas/Fresh_check/checkpoints/local_particle_residual_field_hltv2_s2p5_pilot_20260714_155824/taggers/E3/best_model_val.pt,False,"[{""accuracy"": 0.6729333333333334, ""class_index"": 0, ""class_name"": ""QCD"", ""correct"": 10094, ""support"": 15000}, {""accuracy"": 0.8109333333333333, ""class_index"": 1, ""class_name"": ""Hbb"", ""correct"": 12164, ""support"": 15000}, {""accuracy"": 0.6373333333333333, ""class_index"": 2, ""class_name"": ""Hcc"", ""correct"": 9560, ""support"": 15000}, {""accuracy"": 0.7125333333333334, ""class_index"": 3, ""class_name"": ""Hgg"", ""correct"": 10688, ""support"": 15000}, {""accuracy"": 0.7729333333333334, ""class_index"": 4, ""class_name"": ""H4q"", ""correct"": 11594, ""support"": 15000}, {""accuracy"": 0.9266, ""class_index"": 5, ""class_name"": ""Hqql"", ""correct"": 13899, ""support"": 15000}, {""accuracy"": 0.40613333333333335, ""class_index"": 6, ""class_name"": ""Zqq"", ""correct"": 6092, ""support"": 15000}, {""accuracy"": 0.7482666666666666, ""class_index"": 7, ""class_name"": ""Wqq"", ""correct"": 11224, ""support"": 15000}, {""accuracy"": 0.8834, ""class_index"": 8, ""class_name"": ""Tbqq"", ""correct"": 13251, ""support"": 15000}, {""accuracy"": 0.9420666666666667, ""class_index"": 9, ""class_name"": ""Tbl"", ""correct"": 14131, ""support"": 15000}]","[[10094, 140, 293, 1514, 530, 66, 543, 1359, 324, 137], [65, 12164, 869, 241, 168, 29, 859, 151, 416, 38], [247, 792, 9560, 977, 1172, 97, 862, 731, 543, 19], [473, 276, 603, 10688, 1910, 26, 487, 375, 155, 7], [146, 90, 497, 1460, 11594, 54, 299, 428, 430, 2], [86, 14, 88, 26, 51, 13899, 102, 356, 22, 356], [613, 963, 747, 558, 562, 125, 6092, 5115, 195, 30], [755, 47, 277, 238, 383, 182, 1704, 11224, 175, 15], [123, 353, 297, 181, 624, 43, 40, 68, 13251, 20], [77, 39, 5, 4, 3, 667, 18, 23, 33, 14131]]"
E3,final_test,joint_reconstructor,0.75194,0.7044861774143685,,,,150000,8,accuracy,0.7546266666666667,"[""r0p02.delta_charged_hadron_frac"", ""r0p02.delta_neutral_hadron_frac"", ""r0p02.delta_photon_frac"", ""r0p02.delta_electron_frac"", ""r0p02.delta_muon_frac"", ""r0p05.delta_charged_hadron_frac"", ""r0p05.delta_neutral_hadron_frac"", ""r0p05.delta_photon_frac"", ""r0p05.delta_electron_frac"", ""r0p05.delta_muon_frac"", ""r0p1.delta_charged_hadron_frac"", ""r0p1.delta_neutral_hadron_frac"", ""r0p1.delta_photon_frac"", ""r0p1.delta_electron_frac"", ""r0p1.delta_muon_frac""]",/home/ryreu/atlas/Fresh_check/checkpoints/local_particle_residual_field_hltv2_s2p5_pilot_20260714_155824/taggers/E3/best_model_val.pt,True,,
E4,model_val,joint_reconstructor,0.75406,0.7004876547749838,0.8274021592950821,0.75406,,150000,8,accuracy,0.75406,"[""flag.is_merged_token"", ""flag.has_missing_local_activity"", ""flag.has_large_local_shift"", ""local_reliability_score"", ""target_uncertainty_scale""]",/home/ryreu/atlas/Fresh_check/checkpoints/local_particle_residual_field_hltv2_s2p5_pilot_20260714_155824/taggers/E4/best_model_val.pt,False,"[{""accuracy"": 0.6764666666666667, ""class_index"": 0, ""class_name"": ""QCD"", ""correct"": 10147, ""support"": 15000}, {""accuracy"": 0.8081333333333334, ""class_index"": 1, ""class_name"": ""Hbb"", ""correct"": 12122, ""support"": 15000}, {""accuracy"": 0.6416666666666667, ""class_index"": 2, ""class_name"": ""Hcc"", ""correct"": 9625, ""support"": 15000}, {""accuracy"": 0.719, ""class_index"": 3, ""class_name"": ""Hgg"", ""correct"": 10785, ""support"": 15000}, {""accuracy"": 0.7764, ""class_index"": 4, ""class_name"": ""H4q"", ""correct"": 11646, ""support"": 15000}, {""accuracy"": 0.9250666666666667, ""class_index"": 5, ""class_name"": ""Hqql"", ""correct"": 13876, ""support"": 15000}, {""accuracy"": 0.4132, ""class_index"": 6, ""class_name"": ""Zqq"", ""correct"": 6198, ""support"": 15000}, {""accuracy"": 0.7518, ""class_index"": 7, ""class_name"": ""Wqq"", ""correct"": 11277, ""support"": 15000}, {""accuracy"": 0.8828, ""class_index"": 8, ""class_name"": ""Tbqq"", ""correct"": 13242, ""support"": 15000}, {""accuracy"": 0.9460666666666666, ""class_index"": 9, ""class_name"": ""Tbl"", ""correct"": 14191, ""support"": 15000}]","[[10147, 124, 300, 1453, 558, 61, 552, 1358, 323, 124], [66, 12122, 896, 256, 160, 28, 899, 132, 395, 46], [233, 784, 9625, 993, 1150, 94, 870, 727, 495, 29], [449, 297, 646, 10785, 1823, 14, 494, 338, 147, 7], [123, 84, 481, 1413, 11646, 79, 314, 392, 465, 3], [88, 9, 94, 16, 48, 13876, 96, 388, 18, 367], [623, 1008, 800, 624, 520, 102, 6198, 4909, 183, 33], [767, 46, 265, 287, 399, 144, 1639, 11277, 164, 12], [143, 343, 317, 192, 610, 30, 34, 71, 13242, 18], [79, 50, 15, 5, 2, 609, 18, 16, 15, 14191]]"
E4,stack_val,joint_reconstructor,0.7513133333333334,0.7072687699604034,0.8351524835554759,0.7513133333333334,,150000,8,accuracy,0.75406,"[""flag.is_merged_token"", ""flag.has_missing_local_activity"", ""flag.has_large_local_shift"", ""local_reliability_score"", ""target_uncertainty_scale""]",/home/ryreu/atlas/Fresh_check/checkpoints/local_particle_residual_field_hltv2_s2p5_pilot_20260714_155824/taggers/E4/best_model_val.pt,False,"[{""accuracy"": 0.6727333333333333, ""class_index"": 0, ""class_name"": ""QCD"", ""correct"": 10091, ""support"": 15000}, {""accuracy"": 0.8106666666666666, ""class_index"": 1, ""class_name"": ""Hbb"", ""correct"": 12160, ""support"": 15000}, {""accuracy"": 0.6376666666666667, ""class_index"": 2, ""class_name"": ""Hcc"", ""correct"": 9565, ""support"": 15000}, {""accuracy"": 0.712, ""class_index"": 3, ""class_name"": ""Hgg"", ""correct"": 10680, ""support"": 15000}, {""accuracy"": 0.7733333333333333, ""class_index"": 4, ""class_name"": ""H4q"", ""correct"": 11600, ""support"": 15000}, {""accuracy"": 0.9273333333333333, ""class_index"": 5, ""class_name"": ""Hqql"", ""correct"": 13910, ""support"": 15000}, {""accuracy"": 0.4060666666666667, ""class_index"": 6, ""class_name"": ""Zqq"", ""correct"": 6091, ""support"": 15000}, {""accuracy"": 0.7479333333333333, ""class_index"": 7, ""class_name"": ""Wqq"", ""correct"": 11219, ""support"": 15000}, {""accuracy"": 0.8836666666666667, ""class_index"": 8, ""class_name"": ""Tbqq"", ""correct"": 13255, ""support"": 15000}, {""accuracy"": 0.9417333333333333, ""class_index"": 9, ""class_name"": ""Tbl"", ""correct"": 14126, ""support"": 15000}]","[[10091, 137, 298, 1518, 531, 65, 540, 1364, 321, 135], [63, 12160, 870, 241, 166, 31, 862, 154, 416, 37], [243, 794, 9565, 980, 1176, 95, 863, 727, 538, 19], [468, 275, 599, 10680, 1921, 26, 488, 374, 162, 7], [146, 93, 496, 1465, 11600, 54, 299, 422, 424, 1], [86, 12, 84, 25, 49, 13910, 103, 358, 22, 351], [612, 963, 744, 565, 566, 125, 6091, 5114, 190, 30], [758, 47, 281, 238, 384, 179, 1707, 11219, 172, 15], [125, 350, 298, 180, 620, 45, 39, 68, 13255, 20], [76, 40, 5, 4, 3, 673, 19, 22, 32, 14126]]"
E5,model_val,joint_reconstructor,0.75468,0.7003505726973216,0.8258377217785517,0.75468,,150000,8,accuracy,0.75468,"[""r0p02.delta_log_pt_sum"", ""r0p02.delta_pt_frac"", ""r0p02.missing_pt_frac"", ""r0p02.extra_pt_frac"", ""r0p02.delta_log_energy_sum"", ""r0p05.delta_log_pt_sum"", ""r0p05.delta_pt_frac"", ""r0p05.missing_pt_frac"", ""r0p05.extra_pt_frac"", ""r0p05.delta_log_energy_sum"", ""r0p1.delta_log_pt_sum"", ""r0p1.delta_pt_frac"", ""r0p1.missing_pt_frac"", ""r0p1.extra_pt_frac"", ""r0p1.delta_log_energy_sum"", ""r0p02.delta_log_n"", ""r0p02.missing_n_frac"", ""r0p05.delta_log_n"", ""r0p05.missing_n_frac"", ""r0p1.delta_log_n"", ""r0p1.missing_n_frac""]",/home/ryreu/atlas/Fresh_check/checkpoints/local_particle_residual_field_hltv2_s2p5_pilot_20260714_155824/taggers/E5/best_model_val.pt,False,"[{""accuracy"": 0.6771333333333334, ""class_index"": 0, ""class_name"": ""QCD"", ""correct"": 10157, ""support"": 15000}, {""accuracy"": 0.8092, ""class_index"": 1, ""class_name"": ""Hbb"", ""correct"": 12138, ""support"": 15000}, {""accuracy"": 0.6406666666666667, ""class_index"": 2, ""class_name"": ""Hcc"", ""correct"": 9610, ""support"": 15000}, {""accuracy"": 0.7200666666666666, ""class_index"": 3, ""class_name"": ""Hgg"", ""correct"": 10801, ""support"": 15000}, {""accuracy"": 0.7775333333333333, ""class_index"": 4, ""class_name"": ""H4q"", ""correct"": 11663, ""support"": 15000}, {""accuracy"": 0.9251333333333334, ""class_index"": 5, ""class_name"": ""Hqql"", ""correct"": 13877, ""support"": 15000}, {""accuracy"": 0.41433333333333333, ""class_index"": 6, ""class_name"": ""Zqq"", ""correct"": 6215, ""support"": 15000}, {""accuracy"": 0.7530666666666667, ""class_index"": 7, ""class_name"": ""Wqq"", ""correct"": 11296, ""support"": 15000}, {""accuracy"": 0.8829333333333333, ""class_index"": 8, ""class_name"": ""Tbqq"", ""correct"": 13244, ""support"": 15000}, {""accuracy"": 0.9467333333333333, ""class_index"": 9, ""class_name"": ""Tbl"", ""correct"": 14201, ""support"": 15000}]","[[10157, 125, 302, 1450, 552, 63, 543, 1357, 322, 129], [65, 12138, 882, 255, 160, 27, 900, 133, 397, 43], [236, 787, 9610, 992, 1151, 91, 877, 727, 498, 31], [447, 299, 642, 10801, 1814, 14, 487, 340, 149, 7], [122, 80, 481, 1409, 11663, 76, 312, 393, 462, 2], [90, 8, 95, 16, 51, 13877, 95, 381, 18, 369], [618, 1016, 785, 623, 511, 102, 6215, 4919, 179, 32], [767, 46, 269, 284, 386, 143, 1635, 11296, 162, 12], [143, 341, 316, 193, 609, 29, 36, 71, 13244, 18], [79, 49, 15, 5, 2, 601, 18, 15, 15, 14201]]"
E5,stack_val,joint_reconstructor,0.7512733333333333,0.7070666954358419,0.8335168941434224,0.7512733333333333,,150000,8,accuracy,0.75468,"[""r0p02.delta_log_pt_sum"", ""r0p02.delta_pt_frac"", ""r0p02.missing_pt_frac"", ""r0p02.extra_pt_frac"", ""r0p02.delta_log_energy_sum"", ""r0p05.delta_log_pt_sum"", ""r0p05.delta_pt_frac"", ""r0p05.missing_pt_frac"", ""r0p05.extra_pt_frac"", ""r0p05.delta_log_energy_sum"", ""r0p1.delta_log_pt_sum"", ""r0p1.delta_pt_frac"", ""r0p1.missing_pt_frac"", ""r0p1.extra_pt_frac"", ""r0p1.delta_log_energy_sum"", ""r0p02.delta_log_n"", ""r0p02.missing_n_frac"", ""r0p05.delta_log_n"", ""r0p05.missing_n_frac"", ""r0p1.delta_log_n"", ""r0p1.missing_n_frac""]",/home/ryreu/atlas/Fresh_check/checkpoints/local_particle_residual_field_hltv2_s2p5_pilot_20260714_155824/taggers/E5/best_model_val.pt,False,"[{""accuracy"": 0.6726, ""class_index"": 0, ""class_name"": ""QCD"", ""correct"": 10089, ""support"": 15000}, {""accuracy"": 0.8105333333333333, ""class_index"": 1, ""class_name"": ""Hbb"", ""correct"": 12158, ""support"": 15000}, {""accuracy"": 0.6372, ""class_index"": 2, ""class_name"": ""Hcc"", ""correct"": 9558, ""support"": 15000}, {""accuracy"": 0.7125333333333334, ""class_index"": 3, ""class_name"": ""Hgg"", ""correct"": 10688, ""support"": 15000}, {""accuracy"": 0.7724, ""class_index"": 4, ""class_name"": ""H4q"", ""correct"": 11586, ""support"": 15000}, {""accuracy"": 0.9266666666666666, ""class_index"": 5, ""class_name"": ""Hqql"", ""correct"": 13900, ""support"": 15000}, {""accuracy"": 0.40626666666666666, ""class_index"": 6, ""class_name"": ""Zqq"", ""correct"": 6094, ""support"": 15000}, {""accuracy"": 0.7489333333333333, ""class_index"": 7, ""class_name"": ""Wqq"", ""correct"": 11234, ""support"": 15000}, {""accuracy"": 0.8832666666666666, ""class_index"": 8, ""class_name"": ""Tbqq"", ""correct"": 13249, ""support"": 15000}, {""accuracy"": 0.9423333333333334, ""class_index"": 9, ""class_name"": ""Tbl"", ""correct"": 14135, ""support"": 15000}]","[[10089, 140, 293, 1517, 529, 68, 540, 1362, 324, 138], [64, 12158, 873, 240, 166, 29, 862, 150, 418, 40], [245, 793, 9558, 973, 1173, 97, 866, 732, 544, 19], [470, 278, 602, 10688, 1909, 26, 491, 375, 154, 7], [148, 90, 501, 1457, 11586, 52, 299, 431, 434, 2], [86, 14, 87, 26, 50, 13900, 102, 356, 22, 357], [610, 963, 748, 561, 559, 127, 6094, 5115, 193, 30], [755, 46, 275, 239, 385, 182, 1695, 11234, 174, 15], [125, 354, 298, 180, 623, 43, 40, 68, 13249, 20], [76, 40, 6, 4, 2, 664, 18, 23, 32, 14135]]"
E5,final_test,joint_reconstructor,0.752,0.704488752455278,,,,150000,8,accuracy,0.75468,"[""r0p02.delta_log_pt_sum"", ""r0p02.delta_pt_frac"", ""r0p02.missing_pt_frac"", ""r0p02.extra_pt_frac"", ""r0p02.delta_log_energy_sum"", ""r0p05.delta_log_pt_sum"", ""r0p05.delta_pt_frac"", ""r0p05.missing_pt_frac"", ""r0p05.extra_pt_frac"", ""r0p05.delta_log_energy_sum"", ""r0p1.delta_log_pt_sum"", ""r0p1.delta_pt_frac"", ""r0p1.missing_pt_frac"", ""r0p1.extra_pt_frac"", ""r0p1.delta_log_energy_sum"", ""r0p02.delta_log_n"", ""r0p02.missing_n_frac"", ""r0p05.delta_log_n"", ""r0p05.missing_n_frac"", ""r0p1.delta_log_n"", ""r0p1.missing_n_frac""]",/home/ryreu/atlas/Fresh_check/checkpoints/local_particle_residual_field_hltv2_s2p5_pilot_20260714_155824/taggers/E5/best_model_val.pt,True,,
E6,model_val,joint_reconstructor,0.7546,0.7002983787759145,0.8263625587240855,0.7546000000000002,,150000,8,accuracy,0.7546,"[""r0p02.delta_log_pt_sum"", ""r0p02.delta_pt_frac"", ""r0p02.missing_pt_frac"", ""r0p02.extra_pt_frac"", ""r0p02.delta_log_energy_sum"", ""r0p02.delta_eta_centroid"", ""r0p02.delta_phi_centroid"", ""r0p02.delta_r_centroid"", ""r0p02.delta_log_n"", ""r0p02.missing_n_frac"", ""r0p02.delta_charged_hadron_frac"", ""r0p02.delta_neutral_hadron_frac"", ""r0p02.delta_photon_frac"", ""r0p02.delta_electron_frac"", ""r0p02.delta_muon_frac"", ""r0p05.delta_log_pt_sum"", ""r0p05.delta_pt_frac"", ""r0p05.missing_pt_frac"", ""r0p05.extra_pt_frac"", ""r0p05.delta_log_energy_sum"", ""r0p05.delta_eta_centroid"", ""r0p05.delta_phi_centroid"", ""r0p05.delta_r_centroid"", ""r0p05.delta_log_n"", ""r0p05.missing_n_frac"", ""r0p05.delta_charged_hadron_frac"", ""r0p05.delta_neutral_hadron_frac"", ""r0p05.delta_photon_frac"", ""r0p05.delta_electron_frac"", ""r0p05.delta_muon_frac"", ""r0p1.delta_log_pt_sum"", ""r0p1.delta_pt_frac"", ""r0p1.missing_pt_frac"", ""r0p1.extra_pt_frac"", ""r0p1.delta_log_energy_sum"", ""r0p1.delta_eta_centroid"", ""r0p1.delta_phi_centroid"", ""r0p1.delta_r_centroid"", ""r0p1.delta_log_n"", ""r0p1.missing_n_frac"", ""r0p1.delta_charged_hadron_frac"", ""r0p1.delta_neutral_hadron_frac"", ""r0p1.delta_photon_frac"", ""r0p1.delta_electron_frac"", ""r0p1.delta_muon_frac"", ""flag.is_merged_token"", ""flag.has_missing_local_activity"", ""flag.has_large_local_shift"", ""local_reliability_score"", ""target_uncertainty_scale""]",/home/ryreu/atlas/Fresh_check/checkpoints/local_particle_residual_field_hltv2_s2p5_pilot_20260714_155824/taggers/E6/best_model_val.pt,False,"[{""accuracy"": 0.6766666666666666, ""class_index"": 0, ""class_name"": ""QCD"", ""correct"": 10150, ""support"": 15000}, {""accuracy"": 0.81, ""class_index"": 1, ""class_name"": ""Hbb"", ""correct"": 12150, ""support"": 15000}, {""accuracy"": 0.6404666666666666, ""class_index"": 2, ""class_name"": ""Hcc"", ""correct"": 9607, ""support"": 15000}, {""accuracy"": 0.7192666666666667, ""class_index"": 3, ""class_name"": ""Hgg"", ""correct"": 10789, ""support"": 15000}, {""accuracy"": 0.7784, ""class_index"": 4, ""class_name"": ""H4q"", ""correct"": 11676, ""support"": 15000}, {""accuracy"": 0.9249333333333334, ""class_index"": 5, ""class_name"": ""Hqql"", ""correct"": 13874, ""support"": 15000}, {""accuracy"": 0.4138, ""class_index"": 6, ""class_name"": ""Zqq"", ""correct"": 6207, ""support"": 15000}, {""accuracy"": 0.7526666666666667, ""class_index"": 7, ""class_name"": ""Wqq"", ""correct"": 11290, ""support"": 15000}, {""accuracy"": 0.8832, ""class_index"": 8, ""class_name"": ""Tbqq"", ""correct"": 13248, ""support"": 15000}, {""accuracy"": 0.9466, ""class_index"": 9, ""class_name"": ""Tbl"", ""correct"": 14199, ""support"": 15000}]","[[10150, 121, 306, 1458, 551, 63, 549, 1353, 320, 129], [65, 12150, 876, 260, 161, 27, 887, 134, 398, 42], [232, 784, 9607, 996, 1155, 90, 880, 725, 500, 31], [446, 302, 649, 10789, 1820, 13, 483, 342, 149, 7], [125, 81, 482, 1404, 11676, 75, 313, 391, 451, 2], [90, 9, 98, 17, 50, 13874, 94, 381, 18, 369], [614, 1018, 788, 621, 519, 104, 6207, 4920, 178, 31], [768, 43, 273, 286, 389, 140, 1638, 11290, 161, 12], [141, 342, 311, 195, 610, 29, 35, 71, 13248, 18], [78, 50, 15, 5, 2, 603, 18, 14, 16, 14199]]"
E6,stack_val,joint_reconstructor,0.7512,0.7070108338054021,0.8340574586931865,0.7512,,150000,8,accuracy,0.7546,"[""r0p02.delta_log_pt_sum"", ""r0p02.delta_pt_frac"", ""r0p02.missing_pt_frac"", ""r0p02.extra_pt_frac"", ""r0p02.delta_log_energy_sum"", ""r0p02.delta_eta_centroid"", ""r0p02.delta_phi_centroid"", ""r0p02.delta_r_centroid"", ""r0p02.delta_log_n"", ""r0p02.missing_n_frac"", ""r0p02.delta_charged_hadron_frac"", ""r0p02.delta_neutral_hadron_frac"", ""r0p02.delta_photon_frac"", ""r0p02.delta_electron_frac"", ""r0p02.delta_muon_frac"", ""r0p05.delta_log_pt_sum"", ""r0p05.delta_pt_frac"", ""r0p05.missing_pt_frac"", ""r0p05.extra_pt_frac"", ""r0p05.delta_log_energy_sum"", ""r0p05.delta_eta_centroid"", ""r0p05.delta_phi_centroid"", ""r0p05.delta_r_centroid"", ""r0p05.delta_log_n"", ""r0p05.missing_n_frac"", ""r0p05.delta_charged_hadron_frac"", ""r0p05.delta_neutral_hadron_frac"", ""r0p05.delta_photon_frac"", ""r0p05.delta_electron_frac"", ""r0p05.delta_muon_frac"", ""r0p1.delta_log_pt_sum"", ""r0p1.delta_pt_frac"", ""r0p1.missing_pt_frac"", ""r0p1.extra_pt_frac"", ""r0p1.delta_log_energy_sum"", ""r0p1.delta_eta_centroid"", ""r0p1.delta_phi_centroid"", ""r0p1.delta_r_centroid"", ""r0p1.delta_log_n"", ""r0p1.missing_n_frac"", ""r0p1.delta_charged_hadron_frac"", ""r0p1.delta_neutral_hadron_frac"", ""r0p1.delta_photon_frac"", ""r0p1.delta_electron_frac"", ""r0p1.delta_muon_frac"", ""flag.is_merged_token"", ""flag.has_missing_local_activity"", ""flag.has_large_local_shift"", ""local_reliability_score"", ""target_uncertainty_scale""]",/home/ryreu/atlas/Fresh_check/checkpoints/local_particle_residual_field_hltv2_s2p5_pilot_20260714_155824/taggers/E6/best_model_val.pt,False,"[{""accuracy"": 0.6728666666666666, ""class_index"": 0, ""class_name"": ""QCD"", ""correct"": 10093, ""support"": 15000}, {""accuracy"": 0.8111333333333334, ""class_index"": 1, ""class_name"": ""Hbb"", ""correct"": 12167, ""support"": 15000}, {""accuracy"": 0.6374666666666666, ""class_index"": 2, ""class_name"": ""Hcc"", ""correct"": 9562, ""support"": 15000}, {""accuracy"": 0.7125333333333334, ""class_index"": 3, ""class_name"": ""Hgg"", ""correct"": 10688, ""support"": 15000}, {""accuracy"": 0.7721333333333333, ""class_index"": 4, ""class_name"": ""H4q"", ""correct"": 11582, ""support"": 15000}, {""accuracy"": 0.9262666666666667, ""class_index"": 5, ""class_name"": ""Hqql"", ""correct"": 13894, ""support"": 15000}, {""accuracy"": 0.40513333333333335, ""class_index"": 6, ""class_name"": ""Zqq"", ""correct"": 6077, ""support"": 15000}, {""accuracy"": 0.7492, ""class_index"": 7, ""class_name"": ""Wqq"", ""correct"": 11238, ""support"": 15000}, {""accuracy"": 0.8831333333333333, ""class_index"": 8, ""class_name"": ""Tbqq"", ""correct"": 13247, ""support"": 15000}, {""accuracy"": 0.9421333333333334, ""class_index"": 9, ""class_name"": ""Tbl"", ""correct"": 14132, ""support"": 15000}]","[[10093, 141, 288, 1521, 529, 66, 542, 1359, 323, 138], [62, 12167, 875, 239, 163, 28, 845, 151, 432, 38], [241, 798, 9562, 973, 1176, 93, 863, 733, 542, 19], [470, 274, 603, 10688, 1911, 27, 489, 375, 155, 8], [145, 89, 503, 1455, 11582, 53, 301, 432, 438, 2], [87, 15, 90, 25, 52, 13894, 102, 356, 23, 356], [616, 969, 753, 559, 556, 129, 6077, 5119, 192, 30], [752, 45, 281, 239, 381, 177, 1694, 11238, 178, 15], [125, 353, 297, 182, 625, 43, 39, 69, 13247, 20], [75, 39, 6, 4, 2, 666, 19, 24, 33, 14132]]"
E6,final_test,joint_reconstructor,0.75184,0.7044612319148835,,,,150000,8,accuracy,0.7546,"[""r0p02.delta_log_pt_sum"", ""r0p02.delta_pt_frac"", ""r0p02.missing_pt_frac"", ""r0p02.extra_pt_frac"", ""r0p02.delta_log_energy_sum"", ""r0p02.delta_eta_centroid"", ""r0p02.delta_phi_centroid"", ""r0p02.delta_r_centroid"", ""r0p02.delta_log_n"", ""r0p02.missing_n_frac"", ""r0p02.delta_charged_hadron_frac"", ""r0p02.delta_neutral_hadron_frac"", ""r0p02.delta_photon_frac"", ""r0p02.delta_electron_frac"", ""r0p02.delta_muon_frac"", ""r0p05.delta_log_pt_sum"", ""r0p05.delta_pt_frac"", ""r0p05.missing_pt_frac"", ""r0p05.extra_pt_frac"", ""r0p05.delta_log_energy_sum"", ""r0p05.delta_eta_centroid"", ""r0p05.delta_phi_centroid"", ""r0p05.delta_r_centroid"", ""r0p05.delta_log_n"", ""r0p05.missing_n_frac"", ""r0p05.delta_charged_hadron_frac"", ""r0p05.delta_neutral_hadron_frac"", ""r0p05.delta_photon_frac"", ""r0p05.delta_electron_frac"", ""r0p05.delta_muon_frac"", ""r0p1.delta_log_pt_sum"", ""r0p1.delta_pt_frac"", ""r0p1.missing_pt_frac"", ""r0p1.extra_pt_frac"", ""r0p1.delta_log_energy_sum"", ""r0p1.delta_eta_centroid"", ""r0p1.delta_phi_centroid"", ""r0p1.delta_r_centroid"", ""r0p1.delta_log_n"", ""r0p1.missing_n_frac"", ""r0p1.delta_charged_hadron_frac"", ""r0p1.delta_neutral_hadron_frac"", ""r0p1.delta_photon_frac"", ""r0p1.delta_electron_frac"", ""r0p1.delta_muon_frac"", ""flag.is_merged_token"", ""flag.has_missing_local_activity"", ""flag.has_large_local_shift"", ""local_reliability_score"", ""target_uncertainty_scale""]",/home/ryreu/atlas/Fresh_check/checkpoints/local_particle_residual_field_hltv2_s2p5_pilot_20260714_155824/taggers/E6/best_model_val.pt,True,,
F0,model_val,random,0.7534266666666667,0.6881875406710307,0.6881875406734149,0.7534266666666666,,150000,18,accuracy,0.7534266666666667,"[""r0p02.delta_log_pt_sum"", ""r0p02.delta_pt_frac"", ""r0p02.missing_pt_frac"", ""r0p02.extra_pt_frac"", ""r0p02.delta_log_energy_sum"", ""r0p02.delta_eta_centroid"", ""r0p02.delta_phi_centroid"", ""r0p02.delta_r_centroid"", ""r0p02.delta_log_n"", ""r0p02.missing_n_frac"", ""r0p02.delta_charged_hadron_frac"", ""r0p02.delta_neutral_hadron_frac"", ""r0p02.delta_photon_frac"", ""r0p02.delta_electron_frac"", ""r0p02.delta_muon_frac"", ""r0p05.delta_log_pt_sum"", ""r0p05.delta_pt_frac"", ""r0p05.missing_pt_frac"", ""r0p05.extra_pt_frac"", ""r0p05.delta_log_energy_sum"", ""r0p05.delta_eta_centroid"", ""r0p05.delta_phi_centroid"", ""r0p05.delta_r_centroid"", ""r0p05.delta_log_n"", ""r0p05.missing_n_frac"", ""r0p05.delta_charged_hadron_frac"", ""r0p05.delta_neutral_hadron_frac"", ""r0p05.delta_photon_frac"", ""r0p05.delta_electron_frac"", ""r0p05.delta_muon_frac"", ""r0p1.delta_log_pt_sum"", ""r0p1.delta_pt_frac"", ""r0p1.missing_pt_frac"", ""r0p1.extra_pt_frac"", ""r0p1.delta_log_energy_sum"", ""r0p1.delta_eta_centroid"", ""r0p1.delta_phi_centroid"", ""r0p1.delta_r_centroid"", ""r0p1.delta_log_n"", ""r0p1.missing_n_frac"", ""r0p1.delta_charged_hadron_frac"", ""r0p1.delta_neutral_hadron_frac"", ""r0p1.delta_photon_frac"", ""r0p1.delta_electron_frac"", ""r0p1.delta_muon_frac"", ""flag.is_merged_token"", ""flag.has_missing_local_activity"", ""flag.has_large_local_shift"", ""local_reliability_score"", ""target_uncertainty_scale""]",/home/ryreu/atlas/Fresh_check/checkpoints/local_particle_residual_field_hltv2_s2p5_pilot_20260714_155824/taggers/F0/best_model_val.pt,False,"[{""accuracy"": 0.7223333333333334, ""class_index"": 0, ""class_name"": ""QCD"", ""correct"": 10835, ""support"": 15000}, {""accuracy"": 0.8204, ""class_index"": 1, ""class_name"": ""Hbb"", ""correct"": 12306, ""support"": 15000}, {""accuracy"": 0.6704666666666667, ""class_index"": 2, ""class_name"": ""Hcc"", ""correct"": 10057, ""support"": 15000}, {""accuracy"": 0.7414666666666667, ""class_index"": 3, ""class_name"": ""Hgg"", ""correct"": 11122, ""support"": 15000}, {""accuracy"": 0.7338666666666667, ""class_index"": 4, ""class_name"": ""H4q"", ""correct"": 11008, ""support"": 15000}, {""accuracy"": 0.9174666666666667, ""class_index"": 5, ""class_name"": ""Hqql"", ""correct"": 13762, ""support"": 15000}, {""accuracy"": 0.4358666666666667, ""class_index"": 6, ""class_name"": ""Zqq"", ""correct"": 6538, ""support"": 15000}, {""accuracy"": 0.6641333333333334, ""class_index"": 7, ""class_name"": ""Wqq"", ""correct"": 9962, ""support"": 15000}, {""accuracy"": 0.8768666666666667, ""class_index"": 8, ""class_name"": ""Tbqq"", ""correct"": 13153, ""support"": 15000}, {""accuracy"": 0.9514, ""class_index"": 9, ""class_name"": ""Tbl"", ""correct"": 14271, ""support"": 15000}]","[[10835, 110, 330, 1330, 439, 50, 578, 929, 310, 89], [107, 12306, 966, 335, 128, 24, 581, 100, 407, 46], [311, 661, 10057, 1108, 923, 79, 840, 549, 445, 27], [795, 259, 632, 11122, 1346, 8, 459, 248, 126, 5], [302, 78, 617, 1948, 11008, 48, 288, 301, 406, 4], [108, 17, 115, 23, 58, 13762, 137, 302, 28, 450], [928, 1330, 944, 720, 468, 92, 6538, 3775, 173, 32], [1076, 52, 351, 313, 400, 147, 2540, 9962, 148, 11], [241, 337, 376, 207, 545, 26, 44, 44, 13153, 27], [97, 48, 15, 10, 0, 517, 13, 13, 16, 14271]]"
F0,stack_val,random,0.7508733333333333,0.6925981782690684,0.6925981782690684,0.7508733333333334,,150000,18,accuracy,0.7534266666666667,"[""r0p02.delta_log_pt_sum"", ""r0p02.delta_pt_frac"", ""r0p02.missing_pt_frac"", ""r0p02.extra_pt_frac"", ""r0p02.delta_log_energy_sum"", ""r0p02.delta_eta_centroid"", ""r0p02.delta_phi_centroid"", ""r0p02.delta_r_centroid"", ""r0p02.delta_log_n"", ""r0p02.missing_n_frac"", ""r0p02.delta_charged_hadron_frac"", ""r0p02.delta_neutral_hadron_frac"", ""r0p02.delta_photon_frac"", ""r0p02.delta_electron_frac"", ""r0p02.delta_muon_frac"", ""r0p05.delta_log_pt_sum"", ""r0p05.delta_pt_frac"", ""r0p05.missing_pt_frac"", ""r0p05.extra_pt_frac"", ""r0p05.delta_log_energy_sum"", ""r0p05.delta_eta_centroid"", ""r0p05.delta_phi_centroid"", ""r0p05.delta_r_centroid"", ""r0p05.delta_log_n"", ""r0p05.missing_n_frac"", ""r0p05.delta_charged_hadron_frac"", ""r0p05.delta_neutral_hadron_frac"", ""r0p05.delta_photon_frac"", ""r0p05.delta_electron_frac"", ""r0p05.delta_muon_frac"", ""r0p1.delta_log_pt_sum"", ""r0p1.delta_pt_frac"", ""r0p1.missing_pt_frac"", ""r0p1.extra_pt_frac"", ""r0p1.delta_log_energy_sum"", ""r0p1.delta_eta_centroid"", ""r0p1.delta_phi_centroid"", ""r0p1.delta_r_centroid"", ""r0p1.delta_log_n"", ""r0p1.missing_n_frac"", ""r0p1.delta_charged_hadron_frac"", ""r0p1.delta_neutral_hadron_frac"", ""r0p1.delta_photon_frac"", ""r0p1.delta_electron_frac"", ""r0p1.delta_muon_frac"", ""flag.is_merged_token"", ""flag.has_missing_local_activity"", ""flag.has_large_local_shift"", ""local_reliability_score"", ""target_uncertainty_scale""]",/home/ryreu/atlas/Fresh_check/checkpoints/local_particle_residual_field_hltv2_s2p5_pilot_20260714_155824/taggers/F0/best_model_val.pt,False,"[{""accuracy"": 0.7142, ""class_index"": 0, ""class_name"": ""QCD"", ""correct"": 10713, ""support"": 15000}, {""accuracy"": 0.8219333333333333, ""class_index"": 1, ""class_name"": ""Hbb"", ""correct"": 12329, ""support"": 15000}, {""accuracy"": 0.6615333333333333, ""class_index"": 2, ""class_name"": ""Hcc"", ""correct"": 9923, ""support"": 15000}, {""accuracy"": 0.7405333333333334, ""class_index"": 3, ""class_name"": ""Hgg"", ""correct"": 11108, ""support"": 15000}, {""accuracy"": 0.7253333333333334, ""class_index"": 4, ""class_name"": ""H4q"", ""correct"": 10880, ""support"": 15000}, {""accuracy"": 0.9200666666666667, ""class_index"": 5, ""class_name"": ""Hqql"", ""correct"": 13801, ""support"": 15000}, {""accuracy"": 0.4328666666666667, ""class_index"": 6, ""class_name"": ""Zqq"", ""correct"": 6493, ""support"": 15000}, {""accuracy"": 0.6679333333333334, ""class_index"": 7, ""class_name"": ""Wqq"", ""correct"": 10019, ""support"": 15000}, {""accuracy"": 0.8763333333333333, ""class_index"": 8, ""class_name"": ""Tbqq"", ""correct"": 13145, ""support"": 15000}, {""accuracy"": 0.948, ""class_index"": 9, ""class_name"": ""Tbl"", ""correct"": 14220, ""support"": 15000}]","[[10713, 123, 333, 1405, 452, 44, 556, 982, 294, 98], [93, 12329, 979, 317, 135, 24, 567, 113, 400, 43], [340, 710, 9923, 1121, 968, 82, 857, 536, 449, 14], [792, 268, 547, 11108, 1372, 21, 482, 258, 145, 7], [292, 84, 635, 2039, 10880, 49, 280, 316, 422, 3], [116, 14, 112, 31, 57, 13801, 148, 265, 25, 431], [890, 1306, 926, 694, 479, 96, 6493, 3911, 178, 27], [1095, 46, 341, 285, 390, 170, 2466, 10019, 164, 24], [204, 309, 444, 202, 562, 31, 36, 41, 13145, 26], [103, 43, 7, 6, 1, 559, 19, 16, 26, 14220]]"
F1,model_val,cross_jet_shuffle,0.7546066666666666,0.6855022812652588,0.6855022812843323,0.7546066666666666,,150000,25,accuracy,0.7546066666666666,"[""r0p02.delta_log_pt_sum"", ""r0p02.delta_pt_frac"", ""r0p02.missing_pt_frac"", ""r0p02.extra_pt_frac"", ""r0p02.delta_log_energy_sum"", ""r0p02.delta_eta_centroid"", ""r0p02.delta_phi_centroid"", ""r0p02.delta_r_centroid"", ""r0p02.delta_log_n"", ""r0p02.missing_n_frac"", ""r0p02.delta_charged_hadron_frac"", ""r0p02.delta_neutral_hadron_frac"", ""r0p02.delta_photon_frac"", ""r0p02.delta_electron_frac"", ""r0p02.delta_muon_frac"", ""r0p05.delta_log_pt_sum"", ""r0p05.delta_pt_frac"", ""r0p05.missing_pt_frac"", ""r0p05.extra_pt_frac"", ""r0p05.delta_log_energy_sum"", ""r0p05.delta_eta_centroid"", ""r0p05.delta_phi_centroid"", ""r0p05.delta_r_centroid"", ""r0p05.delta_log_n"", ""r0p05.missing_n_frac"", ""r0p05.delta_charged_hadron_frac"", ""r0p05.delta_neutral_hadron_frac"", ""r0p05.delta_photon_frac"", ""r0p05.delta_electron_frac"", ""r0p05.delta_muon_frac"", ""r0p1.delta_log_pt_sum"", ""r0p1.delta_pt_frac"", ""r0p1.missing_pt_frac"", ""r0p1.extra_pt_frac"", ""r0p1.delta_log_energy_sum"", ""r0p1.delta_eta_centroid"", ""r0p1.delta_phi_centroid"", ""r0p1.delta_r_centroid"", ""r0p1.delta_log_n"", ""r0p1.missing_n_frac"", ""r0p1.delta_charged_hadron_frac"", ""r0p1.delta_neutral_hadron_frac"", ""r0p1.delta_photon_frac"", ""r0p1.delta_electron_frac"", ""r0p1.delta_muon_frac"", ""flag.is_merged_token"", ""flag.has_missing_local_activity"", ""flag.has_large_local_shift"", ""local_reliability_score"", ""target_uncertainty_scale""]",/home/ryreu/atlas/Fresh_check/checkpoints/local_particle_residual_field_hltv2_s2p5_pilot_20260714_155824/taggers/F1/best_model_val.pt,False,"[{""accuracy"": 0.7056, ""class_index"": 0, ""class_name"": ""QCD"", ""correct"": 10584, ""support"": 15000}, {""accuracy"": 0.8165333333333333, ""class_index"": 1, ""class_name"": ""Hbb"", ""correct"": 12248, ""support"": 15000}, {""accuracy"": 0.6518, ""class_index"": 2, ""class_name"": ""Hcc"", ""correct"": 9777, ""support"": 15000}, {""accuracy"": 0.6804, ""class_index"": 3, ""class_name"": ""Hgg"", ""correct"": 10206, ""support"": 15000}, {""accuracy"": 0.8008, ""class_index"": 4, ""class_name"": ""H4q"", ""correct"": 12012, ""support"": 15000}, {""accuracy"": 0.92, ""class_index"": 5, ""class_name"": ""Hqql"", ""correct"": 13800, ""support"": 15000}, {""accuracy"": 0.3752, ""class_index"": 6, ""class_name"": ""Zqq"", ""correct"": 5628, ""support"": 15000}, {""accuracy"": 0.7549333333333333, ""class_index"": 7, ""class_name"": ""Wqq"", ""correct"": 11324, ""support"": 15000}, {""accuracy"": 0.8892666666666666, ""class_index"": 8, ""class_name"": ""Tbqq"", ""correct"": 13339, ""support"": 15000}, {""accuracy"": 0.9515333333333333, ""class_index"": 9, ""class_name"": ""Tbl"", ""correct"": 14273, ""support"": 15000}]","[[10584, 131, 398, 1119, 645, 41, 529, 1119, 363, 71], [93, 12248, 850, 277, 151, 29, 753, 117, 446, 36], [209, 757, 9777, 844, 1165, 93, 863, 766, 512, 14], [700, 301, 656, 10206, 2090, 12, 490, 335, 207, 3], [165, 89, 496, 1129, 12012, 53, 261, 364, 428, 3], [104, 17, 94, 18, 58, 13800, 93, 363, 23, 430], [776, 1178, 777, 514, 539, 95, 5628, 5261, 205, 27], [958, 55, 251, 225, 466, 125, 1391, 11324, 198, 7], [141, 288, 358, 115, 636, 27, 26, 52, 13339, 18], [101, 56, 18, 9, 2, 496, 16, 13, 16, 14273]]"
F1,stack_val,cross_jet_shuffle,0.7512533333333333,0.6914945434570312,0.6914945434761047,0.7512533333333333,,150000,25,accuracy,0.7546066666666666,"[""r0p02.delta_log_pt_sum"", ""r0p02.delta_pt_frac"", ""r0p02.missing_pt_frac"", ""r0p02.extra_pt_frac"", ""r0p02.delta_log_energy_sum"", ""r0p02.delta_eta_centroid"", ""r0p02.delta_phi_centroid"", ""r0p02.delta_r_centroid"", ""r0p02.delta_log_n"", ""r0p02.missing_n_frac"", ""r0p02.delta_charged_hadron_frac"", ""r0p02.delta_neutral_hadron_frac"", ""r0p02.delta_photon_frac"", ""r0p02.delta_electron_frac"", ""r0p02.delta_muon_frac"", ""r0p05.delta_log_pt_sum"", ""r0p05.delta_pt_frac"", ""r0p05.missing_pt_frac"", ""r0p05.extra_pt_frac"", ""r0p05.delta_log_energy_sum"", ""r0p05.delta_eta_centroid"", ""r0p05.delta_phi_centroid"", ""r0p05.delta_r_centroid"", ""r0p05.delta_log_n"", ""r0p05.missing_n_frac"", ""r0p05.delta_charged_hadron_frac"", ""r0p05.delta_neutral_hadron_frac"", ""r0p05.delta_photon_frac"", ""r0p05.delta_electron_frac"", ""r0p05.delta_muon_frac"", ""r0p1.delta_log_pt_sum"", ""r0p1.delta_pt_frac"", ""r0p1.missing_pt_frac"", ""r0p1.extra_pt_frac"", ""r0p1.delta_log_energy_sum"", ""r0p1.delta_eta_centroid"", ""r0p1.delta_phi_centroid"", ""r0p1.delta_r_centroid"", ""r0p1.delta_log_n"", ""r0p1.missing_n_frac"", ""r0p1.delta_charged_hadron_frac"", ""r0p1.delta_neutral_hadron_frac"", ""r0p1.delta_photon_frac"", ""r0p1.delta_electron_frac"", ""r0p1.delta_muon_frac"", ""flag.is_merged_token"", ""flag.has_missing_local_activity"", ""flag.has_large_local_shift"", ""local_reliability_score"", ""target_uncertainty_scale""]",/home/ryreu/atlas/Fresh_check/checkpoints/local_particle_residual_field_hltv2_s2p5_pilot_20260714_155824/taggers/F1/best_model_val.pt,False,"[{""accuracy"": 0.6987333333333333, ""class_index"": 0, ""class_name"": ""QCD"", ""correct"": 10481, ""support"": 15000}, {""accuracy"": 0.8171333333333334, ""class_index"": 1, ""class_name"": ""Hbb"", ""correct"": 12257, ""support"": 15000}, {""accuracy"": 0.6468, ""class_index"": 2, ""class_name"": ""Hcc"", ""correct"": 9702, ""support"": 15000}, {""accuracy"": 0.6711333333333334, ""class_index"": 3, ""class_name"": ""Hgg"", ""correct"": 10067, ""support"": 15000}, {""accuracy"": 0.7973333333333333, ""class_index"": 4, ""class_name"": ""H4q"", ""correct"": 11960, ""support"": 15000}, {""accuracy"": 0.9213333333333333, ""class_index"": 5, ""class_name"": ""Hqql"", ""correct"": 13820, ""support"": 15000}, {""accuracy"": 0.3698, ""class_index"": 6, ""class_name"": ""Zqq"", ""correct"": 5547, ""support"": 15000}, {""accuracy"": 0.7563333333333333, ""class_index"": 7, ""class_name"": ""Wqq"", ""correct"": 11345, ""support"": 15000}, {""accuracy"": 0.888, ""class_index"": 8, ""class_name"": ""Tbqq"", ""correct"": 13320, ""support"": 15000}, {""accuracy"": 0.9459333333333333, ""class_index"": 9, ""class_name"": ""Tbl"", ""correct"": 14189, ""support"": 15000}]","[[10481, 138, 395, 1188, 632, 52, 509, 1150, 378, 77], [89, 12257, 864, 255, 168, 33, 763, 137, 403, 31], [250, 786, 9702, 850, 1212, 87, 853, 735, 507, 18], [736, 274, 610, 10067, 2194, 15, 547, 355, 198, 4], [180, 87, 503, 1169, 11960, 49, 250, 362, 437, 3], [97, 12, 91, 30, 60, 13820, 97, 351, 25, 417], [756, 1114, 789, 458, 595, 94, 5547, 5391, 231, 25], [946, 58, 264, 180, 442, 148, 1388, 11345, 210, 19], [119, 323, 375, 100, 638, 31, 32, 43, 13320, 19], [116, 40, 13, 4, 3, 572, 11, 16, 36, 14189]]"
F2,model_val,within_jet_shuffle,0.78986,0.5949759917179743,0.5949759917207559,0.78986,,150000,27,accuracy,0.78986,"[""r0p02.delta_log_pt_sum"", ""r0p02.delta_pt_frac"", ""r0p02.missing_pt_frac"", ""r0p02.extra_pt_frac"", ""r0p02.delta_log_energy_sum"", ""r0p02.delta_eta_centroid"", ""r0p02.delta_phi_centroid"", ""r0p02.delta_r_centroid"", ""r0p02.delta_log_n"", ""r0p02.missing_n_frac"", ""r0p02.delta_charged_hadron_frac"", ""r0p02.delta_neutral_hadron_frac"", ""r0p02.delta_photon_frac"", ""r0p02.delta_electron_frac"", ""r0p02.delta_muon_frac"", ""r0p05.delta_log_pt_sum"", ""r0p05.delta_pt_frac"", ""r0p05.missing_pt_frac"", ""r0p05.extra_pt_frac"", ""r0p05.delta_log_energy_sum"", ""r0p05.delta_eta_centroid"", ""r0p05.delta_phi_centroid"", ""r0p05.delta_r_centroid"", ""r0p05.delta_log_n"", ""r0p05.missing_n_frac"", ""r0p05.delta_charged_hadron_frac"", ""r0p05.delta_neutral_hadron_frac"", ""r0p05.delta_photon_frac"", ""r0p05.delta_electron_frac"", ""r0p05.delta_muon_frac"", ""r0p1.delta_log_pt_sum"", ""r0p1.delta_pt_frac"", ""r0p1.missing_pt_frac"", ""r0p1.extra_pt_frac"", ""r0p1.delta_log_energy_sum"", ""r0p1.delta_eta_centroid"", ""r0p1.delta_phi_centroid"", ""r0p1.delta_r_centroid"", ""r0p1.delta_log_n"", ""r0p1.missing_n_frac"", ""r0p1.delta_charged_hadron_frac"", ""r0p1.delta_neutral_hadron_frac"", ""r0p1.delta_photon_frac"", ""r0p1.delta_electron_frac"", ""r0p1.delta_muon_frac"", ""flag.is_merged_token"", ""flag.has_missing_local_activity"", ""flag.has_large_local_shift"", ""local_reliability_score"", ""target_uncertainty_scale""]",/home/ryreu/atlas/Fresh_check/checkpoints/local_particle_residual_field_hltv2_s2p5_pilot_20260714_155824/taggers/F2/best_model_val.pt,False,"[{""accuracy"": 0.7388666666666667, ""class_index"": 0, ""class_name"": ""QCD"", ""correct"": 11083, ""support"": 15000}, {""accuracy"": 0.8131333333333334, ""class_index"": 1, ""class_name"": ""Hbb"", ""correct"": 12197, ""support"": 15000}, {""accuracy"": 0.7220666666666666, ""class_index"": 2, ""class_name"": ""Hcc"", ""correct"": 10831, ""support"": 15000}, {""accuracy"": 0.7375333333333334, ""class_index"": 3, ""class_name"": ""Hgg"", ""correct"": 11063, ""support"": 15000}, {""accuracy"": 0.7832, ""class_index"": 4, ""class_name"": ""H4q"", ""correct"": 11748, ""support"": 15000}, {""accuracy"": 0.9402666666666667, ""class_index"": 5, ""class_name"": ""Hqql"", ""correct"": 14104, ""support"": 15000}, {""accuracy"": 0.5696666666666667, ""class_index"": 6, ""class_name"": ""Zqq"", ""correct"": 8545, ""support"": 15000}, {""accuracy"": 0.7178, ""class_index"": 7, ""class_name"": ""Wqq"", ""correct"": 10767, ""support"": 15000}, {""accuracy"": 0.9094666666666666, ""class_index"": 8, ""class_name"": ""Tbqq"", ""correct"": 13642, ""support"": 15000}, {""accuracy"": 0.9666, ""class_index"": 9, ""class_name"": ""Tbl"", ""correct"": 14499, ""support"": 15000}]","[[11083, 98, 352, 1157, 467, 18, 610, 824, 323, 68], [90, 12197, 1052, 329, 132, 22, 742, 42, 363, 31], [302, 606, 10831, 986, 927, 58, 587, 291, 394, 18], [686, 236, 779, 11063, 1634, 7, 317, 116, 160, 2], [184, 82, 643, 1461, 11748, 31, 240, 234, 372, 5], [21, 11, 70, 3, 44, 14104, 53, 192, 24, 478], [845, 567, 600, 418, 451, 53, 8545, 3337, 162, 22], [1065, 18, 185, 167, 360, 72, 2216, 10767, 137, 13], [194, 252, 287, 113, 328, 12, 50, 104, 13642, 18], [26, 35, 11, 5, 0, 390, 9, 4, 21, 14499]]"
F2,stack_val,within_jet_shuffle,0.7878333333333334,0.5995232225783665,0.5995232225815456,0.7878333333333333,,150000,27,accuracy,0.78986,"[""r0p02.delta_log_pt_sum"", ""r0p02.delta_pt_frac"", ""r0p02.missing_pt_frac"", ""r0p02.extra_pt_frac"", ""r0p02.delta_log_energy_sum"", ""r0p02.delta_eta_centroid"", ""r0p02.delta_phi_centroid"", ""r0p02.delta_r_centroid"", ""r0p02.delta_log_n"", ""r0p02.missing_n_frac"", ""r0p02.delta_charged_hadron_frac"", ""r0p02.delta_neutral_hadron_frac"", ""r0p02.delta_photon_frac"", ""r0p02.delta_electron_frac"", ""r0p02.delta_muon_frac"", ""r0p05.delta_log_pt_sum"", ""r0p05.delta_pt_frac"", ""r0p05.missing_pt_frac"", ""r0p05.extra_pt_frac"", ""r0p05.delta_log_energy_sum"", ""r0p05.delta_eta_centroid"", ""r0p05.delta_phi_centroid"", ""r0p05.delta_r_centroid"", ""r0p05.delta_log_n"", ""r0p05.missing_n_frac"", ""r0p05.delta_charged_hadron_frac"", ""r0p05.delta_neutral_hadron_frac"", ""r0p05.delta_photon_frac"", ""r0p05.delta_electron_frac"", ""r0p05.delta_muon_frac"", ""r0p1.delta_log_pt_sum"", ""r0p1.delta_pt_frac"", ""r0p1.missing_pt_frac"", ""r0p1.extra_pt_frac"", ""r0p1.delta_log_energy_sum"", ""r0p1.delta_eta_centroid"", ""r0p1.delta_phi_centroid"", ""r0p1.delta_r_centroid"", ""r0p1.delta_log_n"", ""r0p1.missing_n_frac"", ""r0p1.delta_charged_hadron_frac"", ""r0p1.delta_neutral_hadron_frac"", ""r0p1.delta_photon_frac"", ""r0p1.delta_electron_frac"", ""r0p1.delta_muon_frac"", ""flag.is_merged_token"", ""flag.has_missing_local_activity"", ""flag.has_large_local_shift"", ""local_reliability_score"", ""target_uncertainty_scale""]",/home/ryreu/atlas/Fresh_check/checkpoints/local_particle_residual_field_hltv2_s2p5_pilot_20260714_155824/taggers/F2/best_model_val.pt,False,"[{""accuracy"": 0.7331333333333333, ""class_index"": 0, ""class_name"": ""QCD"", ""correct"": 10997, ""support"": 15000}, {""accuracy"": 0.8130666666666667, ""class_index"": 1, ""class_name"": ""Hbb"", ""correct"": 12196, ""support"": 15000}, {""accuracy"": 0.7124666666666667, ""class_index"": 2, ""class_name"": ""Hcc"", ""correct"": 10687, ""support"": 15000}, {""accuracy"": 0.7356, ""class_index"": 3, ""class_name"": ""Hgg"", ""correct"": 11034, ""support"": 15000}, {""accuracy"": 0.7759333333333334, ""class_index"": 4, ""class_name"": ""H4q"", ""correct"": 11639, ""support"": 15000}, {""accuracy"": 0.943, ""class_index"": 5, ""class_name"": ""Hqql"", ""correct"": 14145, ""support"": 15000}, {""accuracy"": 0.5662, ""class_index"": 6, ""class_name"": ""Zqq"", ""correct"": 8493, ""support"": 15000}, {""accuracy"": 0.7198, ""class_index"": 7, ""class_name"": ""Wqq"", ""correct"": 10797, ""support"": 15000}, {""accuracy"": 0.9150666666666667, ""class_index"": 8, ""class_name"": ""Tbqq"", ""correct"": 13726, ""support"": 15000}, {""accuracy"": 0.9640666666666666, ""class_index"": 9, ""class_name"": ""Tbl"", ""correct"": 14461, ""support"": 15000}]","[[10997, 134, 344, 1195, 483, 16, 624, 807, 337, 63], [82, 12196, 1056, 338, 122, 24, 734, 61, 351, 36], [321, 652, 10687, 1028, 986, 66, 573, 261, 409, 17], [726, 223, 694, 11034, 1648, 7, 366, 138, 161, 3], [189, 82, 676, 1541, 11639, 20, 277, 237, 336, 3], [24, 12, 54, 4, 42, 14145, 60, 170, 31, 458], [812, 545, 572, 395, 448, 71, 8493, 3492, 156, 16], [1068, 25, 195, 127, 352, 71, 2193, 10797, 159, 13], [164, 243, 284, 105, 293, 20, 56, 100, 13726, 9], [30, 35, 7, 2, 2, 415, 7, 8, 33, 14461]]"
F3,model_val,radius_permuted,0.79182,0.5928833058277766,0.5928833058301608,0.7918199999999999,,150000,27,accuracy,0.79182,"[""r0p02.delta_log_pt_sum"", ""r0p02.delta_pt_frac"", ""r0p02.missing_pt_frac"", ""r0p02.extra_pt_frac"", ""r0p02.delta_log_energy_sum"", ""r0p02.delta_eta_centroid"", ""r0p02.delta_phi_centroid"", ""r0p02.delta_r_centroid"", ""r0p02.delta_log_n"", ""r0p02.missing_n_frac"", ""r0p02.delta_charged_hadron_frac"", ""r0p02.delta_neutral_hadron_frac"", ""r0p02.delta_photon_frac"", ""r0p02.delta_electron_frac"", ""r0p02.delta_muon_frac"", ""r0p05.delta_log_pt_sum"", ""r0p05.delta_pt_frac"", ""r0p05.missing_pt_frac"", ""r0p05.extra_pt_frac"", ""r0p05.delta_log_energy_sum"", ""r0p05.delta_eta_centroid"", ""r0p05.delta_phi_centroid"", ""r0p05.delta_r_centroid"", ""r0p05.delta_log_n"", ""r0p05.missing_n_frac"", ""r0p05.delta_charged_hadron_frac"", ""r0p05.delta_neutral_hadron_frac"", ""r0p05.delta_photon_frac"", ""r0p05.delta_electron_frac"", ""r0p05.delta_muon_frac"", ""r0p1.delta_log_pt_sum"", ""r0p1.delta_pt_frac"", ""r0p1.missing_pt_frac"", ""r0p1.extra_pt_frac"", ""r0p1.delta_log_energy_sum"", ""r0p1.delta_eta_centroid"", ""r0p1.delta_phi_centroid"", ""r0p1.delta_r_centroid"", ""r0p1.delta_log_n"", ""r0p1.missing_n_frac"", ""r0p1.delta_charged_hadron_frac"", ""r0p1.delta_neutral_hadron_frac"", ""r0p1.delta_photon_frac"", ""r0p1.delta_electron_frac"", ""r0p1.delta_muon_frac"", ""flag.is_merged_token"", ""flag.has_missing_local_activity"", ""flag.has_large_local_shift"", ""local_reliability_score"", ""target_uncertainty_scale""]",/home/ryreu/atlas/Fresh_check/checkpoints/local_particle_residual_field_hltv2_s2p5_pilot_20260714_155824/taggers/F3/best_model_val.pt,False,"[{""accuracy"": 0.7379333333333333, ""class_index"": 0, ""class_name"": ""QCD"", ""correct"": 11069, ""support"": 15000}, {""accuracy"": 0.8164666666666667, ""class_index"": 1, ""class_name"": ""Hbb"", ""correct"": 12247, ""support"": 15000}, {""accuracy"": 0.7222, ""class_index"": 2, ""class_name"": ""Hcc"", ""correct"": 10833, ""support"": 15000}, {""accuracy"": 0.7329333333333333, ""class_index"": 3, ""class_name"": ""Hgg"", ""correct"": 10994, ""support"": 15000}, {""accuracy"": 0.7922, ""class_index"": 4, ""class_name"": ""H4q"", ""correct"": 11883, ""support"": 15000}, {""accuracy"": 0.9384666666666667, ""class_index"": 5, ""class_name"": ""Hqql"", ""correct"": 14077, ""support"": 15000}, {""accuracy"": 0.5676666666666667, ""class_index"": 6, ""class_name"": ""Zqq"", ""correct"": 8515, ""support"": 15000}, {""accuracy"": 0.7349333333333333, ""class_index"": 7, ""class_name"": ""Wqq"", ""correct"": 11024, ""support"": 15000}, {""accuracy"": 0.9031333333333333, ""class_index"": 8, ""class_name"": ""Tbqq"", ""correct"": 13547, ""support"": 15000}, {""accuracy"": 0.9722666666666666, ""class_index"": 9, ""class_name"": ""Tbl"", ""correct"": 14584, ""support"": 15000}]","[[11069, 104, 412, 1117, 489, 19, 629, 834, 269, 58], [105, 12247, 962, 385, 131, 35, 766, 45, 299, 25], [247, 700, 10833, 1007, 937, 60, 630, 275, 287, 24], [696, 226, 788, 10994, 1643, 7, 406, 123, 114, 3], [184, 72, 654, 1395, 11883, 37, 273, 219, 279, 4], [28, 13, 46, 2, 42, 14077, 47, 190, 16, 539], [830, 524, 609, 335, 434, 63, 8515, 3541, 133, 16], [1056, 21, 180, 131, 359, 85, 2010, 11024, 129, 5], [177, 284, 311, 134, 325, 25, 85, 95, 13547, 17], [34, 23, 5, 7, 0, 321, 12, 2, 12, 14584]]"
F3,stack_val,radius_permuted,0.7895666666666666,0.5978446557156245,0.5978446557188034,0.7895666666666667,,150000,27,accuracy,0.79182,"[""r0p02.delta_log_pt_sum"", ""r0p02.delta_pt_frac"", ""r0p02.missing_pt_frac"", ""r0p02.extra_pt_frac"", ""r0p02.delta_log_energy_sum"", ""r0p02.delta_eta_centroid"", ""r0p02.delta_phi_centroid"", ""r0p02.delta_r_centroid"", ""r0p02.delta_log_n"", ""r0p02.missing_n_frac"", ""r0p02.delta_charged_hadron_frac"", ""r0p02.delta_neutral_hadron_frac"", ""r0p02.delta_photon_frac"", ""r0p02.delta_electron_frac"", ""r0p02.delta_muon_frac"", ""r0p05.delta_log_pt_sum"", ""r0p05.delta_pt_frac"", ""r0p05.missing_pt_frac"", ""r0p05.extra_pt_frac"", ""r0p05.delta_log_energy_sum"", ""r0p05.delta_eta_centroid"", ""r0p05.delta_phi_centroid"", ""r0p05.delta_r_centroid"", ""r0p05.delta_log_n"", ""r0p05.missing_n_frac"", ""r0p05.delta_charged_hadron_frac"", ""r0p05.delta_neutral_hadron_frac"", ""r0p05.delta_photon_frac"", ""r0p05.delta_electron_frac"", ""r0p05.delta_muon_frac"", ""r0p1.delta_log_pt_sum"", ""r0p1.delta_pt_frac"", ""r0p1.missing_pt_frac"", ""r0p1.extra_pt_frac"", ""r0p1.delta_log_energy_sum"", ""r0p1.delta_eta_centroid"", ""r0p1.delta_phi_centroid"", ""r0p1.delta_r_centroid"", ""r0p1.delta_log_n"", ""r0p1.missing_n_frac"", ""r0p1.delta_charged_hadron_frac"", ""r0p1.delta_neutral_hadron_frac"", ""r0p1.delta_photon_frac"", ""r0p1.delta_electron_frac"", ""r0p1.delta_muon_frac"", ""flag.is_merged_token"", ""flag.has_missing_local_activity"", ""flag.has_large_local_shift"", ""local_reliability_score"", ""target_uncertainty_scale""]",/home/ryreu/atlas/Fresh_check/checkpoints/local_particle_residual_field_hltv2_s2p5_pilot_20260714_155824/taggers/F3/best_model_val.pt,False,"[{""accuracy"": 0.7308, ""class_index"": 0, ""class_name"": ""QCD"", ""correct"": 10962, ""support"": 15000}, {""accuracy"": 0.8184666666666667, ""class_index"": 1, ""class_name"": ""Hbb"", ""correct"": 12277, ""support"": 15000}, {""accuracy"": 0.7165333333333334, ""class_index"": 2, ""class_name"": ""Hcc"", ""correct"": 10748, ""support"": 15000}, {""accuracy"": 0.7339333333333333, ""class_index"": 3, ""class_name"": ""Hgg"", ""correct"": 11009, ""support"": 15000}, {""accuracy"": 0.7860666666666667, ""class_index"": 4, ""class_name"": ""H4q"", ""correct"": 11791, ""support"": 15000}, {""accuracy"": 0.9411333333333334, ""class_index"": 5, ""class_name"": ""Hqql"", ""correct"": 14117, ""support"": 15000}, {""accuracy"": 0.5668666666666666, ""class_index"": 6, ""class_name"": ""Zqq"", ""correct"": 8503, ""support"": 15000}, {""accuracy"": 0.7309333333333333, ""class_index"": 7, ""class_name"": ""Wqq"", ""correct"": 10964, ""support"": 15000}, {""accuracy"": 0.9051333333333333, ""class_index"": 8, ""class_name"": ""Tbqq"", ""correct"": 13577, ""support"": 15000}, {""accuracy"": 0.9658, ""class_index"": 9, ""class_name"": ""Tbl"", ""correct"": 14487, ""support"": 15000}]","[[10962, 127, 360, 1221, 480, 12, 651, 857, 286, 44], [91, 12277, 971, 365, 124, 19, 768, 61, 293, 31], [287, 675, 10748, 1021, 983, 73, 624, 240, 330, 19], [666, 203, 711, 11009, 1706, 10, 417, 153, 121, 4], [189, 80, 638, 1487, 11791, 26, 286, 228, 273, 2], [24, 5, 57, 2, 34, 14117, 73, 160, 19, 509], [795, 491, 532, 343, 445, 73, 8503, 3667, 138, 13], [1073, 28, 161, 107, 353, 74, 2086, 10964, 144, 10], [162, 271, 325, 136, 314, 39, 73, 88, 13577, 15], [50, 32, 1, 4, 4, 398, 4, 9, 11, 14487]]"
F4,model_val,learned_no_target,0.7530466666666666,0.6912699918079376,0.6912699918158849,0.7530466666666668,,150000,26,accuracy,0.7530466666666666,"[""r0p02.delta_log_pt_sum"", ""r0p02.delta_pt_frac"", ""r0p02.missing_pt_frac"", ""r0p02.extra_pt_frac"", ""r0p02.delta_log_energy_sum"", ""r0p02.delta_eta_centroid"", ""r0p02.delta_phi_centroid"", ""r0p02.delta_r_centroid"", ""r0p02.delta_log_n"", ""r0p02.missing_n_frac"", ""r0p02.delta_charged_hadron_frac"", ""r0p02.delta_neutral_hadron_frac"", ""r0p02.delta_photon_frac"", ""r0p02.delta_electron_frac"", ""r0p02.delta_muon_frac"", ""r0p05.delta_log_pt_sum"", ""r0p05.delta_pt_frac"", ""r0p05.missing_pt_frac"", ""r0p05.extra_pt_frac"", ""r0p05.delta_log_energy_sum"", ""r0p05.delta_eta_centroid"", ""r0p05.delta_phi_centroid"", ""r0p05.delta_r_centroid"", ""r0p05.delta_log_n"", ""r0p05.missing_n_frac"", ""r0p05.delta_charged_hadron_frac"", ""r0p05.delta_neutral_hadron_frac"", ""r0p05.delta_photon_frac"", ""r0p05.delta_electron_frac"", ""r0p05.delta_muon_frac"", ""r0p1.delta_log_pt_sum"", ""r0p1.delta_pt_frac"", ""r0p1.missing_pt_frac"", ""r0p1.extra_pt_frac"", ""r0p1.delta_log_energy_sum"", ""r0p1.delta_eta_centroid"", ""r0p1.delta_phi_centroid"", ""r0p1.delta_r_centroid"", ""r0p1.delta_log_n"", ""r0p1.missing_n_frac"", ""r0p1.delta_charged_hadron_frac"", ""r0p1.delta_neutral_hadron_frac"", ""r0p1.delta_photon_frac"", ""r0p1.delta_electron_frac"", ""r0p1.delta_muon_frac"", ""flag.is_merged_token"", ""flag.has_missing_local_activity"", ""flag.has_large_local_shift"", ""local_reliability_score"", ""target_uncertainty_scale""]",/home/ryreu/atlas/Fresh_check/checkpoints/local_particle_residual_field_hltv2_s2p5_pilot_20260714_155824/taggers/F4/best_model_val.pt,False,"[{""accuracy"": 0.7540666666666667, ""class_index"": 0, ""class_name"": ""QCD"", ""correct"": 11311, ""support"": 15000}, {""accuracy"": 0.7922, ""class_index"": 1, ""class_name"": ""Hbb"", ""correct"": 11883, ""support"": 15000}, {""accuracy"": 0.6386666666666667, ""class_index"": 2, ""class_name"": ""Hcc"", ""correct"": 9580, ""support"": 15000}, {""accuracy"": 0.7194, ""class_index"": 3, ""class_name"": ""Hgg"", ""correct"": 10791, ""support"": 15000}, {""accuracy"": 0.7521333333333333, ""class_index"": 4, ""class_name"": ""H4q"", ""correct"": 11282, ""support"": 15000}, {""accuracy"": 0.9132, ""class_index"": 5, ""class_name"": ""Hqql"", ""correct"": 13698, ""support"": 15000}, {""accuracy"": 0.4066666666666667, ""class_index"": 6, ""class_name"": ""Zqq"", ""correct"": 6100, ""support"": 15000}, {""accuracy"": 0.7124, ""class_index"": 7, ""class_name"": ""Wqq"", ""correct"": 10686, ""support"": 15000}, {""accuracy"": 0.8934666666666666, ""class_index"": 8, ""class_name"": ""Tbqq"", ""correct"": 13402, ""support"": 15000}, {""accuracy"": 0.9482666666666667, ""class_index"": 9, ""class_name"": ""Tbl"", ""correct"": 14224, ""support"": 15000}]","[[11311, 100, 256, 1156, 468, 29, 471, 818, 336, 55], [131, 11883, 1035, 282, 142, 20, 880, 98, 479, 50], [438, 565, 9580, 1113, 1015, 62, 973, 694, 544, 16], [1016, 308, 521, 10791, 1508, 7, 395, 254, 196, 4], [376, 72, 543, 1587, 11282, 36, 268, 342, 490, 4], [149, 14, 98, 20, 58, 13698, 111, 379, 26, 447], [1141, 1030, 688, 674, 495, 52, 6100, 4581, 215, 24], [1421, 52, 228, 296, 395, 80, 1648, 10686, 187, 7], [267, 252, 307, 112, 542, 22, 34, 48, 13402, 14], [130, 49, 13, 8, 4, 529, 12, 12, 19, 14224]]"
F4,stack_val,learned_no_target,0.7505733333333333,0.6955462862491608,0.6955462862618764,0.7505733333333333,,150000,26,accuracy,0.7530466666666666,"[""r0p02.delta_log_pt_sum"", ""r0p02.delta_pt_frac"", ""r0p02.missing_pt_frac"", ""r0p02.extra_pt_frac"", ""r0p02.delta_log_energy_sum"", ""r0p02.delta_eta_centroid"", ""r0p02.delta_phi_centroid"", ""r0p02.delta_r_centroid"", ""r0p02.delta_log_n"", ""r0p02.missing_n_frac"", ""r0p02.delta_charged_hadron_frac"", ""r0p02.delta_neutral_hadron_frac"", ""r0p02.delta_photon_frac"", ""r0p02.delta_electron_frac"", ""r0p02.delta_muon_frac"", ""r0p05.delta_log_pt_sum"", ""r0p05.delta_pt_frac"", ""r0p05.missing_pt_frac"", ""r0p05.extra_pt_frac"", ""r0p05.delta_log_energy_sum"", ""r0p05.delta_eta_centroid"", ""r0p05.delta_phi_centroid"", ""r0p05.delta_r_centroid"", ""r0p05.delta_log_n"", ""r0p05.missing_n_frac"", ""r0p05.delta_charged_hadron_frac"", ""r0p05.delta_neutral_hadron_frac"", ""r0p05.delta_photon_frac"", ""r0p05.delta_electron_frac"", ""r0p05.delta_muon_frac"", ""r0p1.delta_log_pt_sum"", ""r0p1.delta_pt_frac"", ""r0p1.missing_pt_frac"", ""r0p1.extra_pt_frac"", ""r0p1.delta_log_energy_sum"", ""r0p1.delta_eta_centroid"", ""r0p1.delta_phi_centroid"", ""r0p1.delta_r_centroid"", ""r0p1.delta_log_n"", ""r0p1.missing_n_frac"", ""r0p1.delta_charged_hadron_frac"", ""r0p1.delta_neutral_hadron_frac"", ""r0p1.delta_photon_frac"", ""r0p1.delta_electron_frac"", ""r0p1.delta_muon_frac"", ""flag.is_merged_token"", ""flag.has_missing_local_activity"", ""flag.has_large_local_shift"", ""local_reliability_score"", ""target_uncertainty_scale""]",/home/ryreu/atlas/Fresh_check/checkpoints/local_particle_residual_field_hltv2_s2p5_pilot_20260714_155824/taggers/F4/best_model_val.pt,False,"[{""accuracy"": 0.7491333333333333, ""class_index"": 0, ""class_name"": ""QCD"", ""correct"": 11237, ""support"": 15000}, {""accuracy"": 0.797, ""class_index"": 1, ""class_name"": ""Hbb"", ""correct"": 11955, ""support"": 15000}, {""accuracy"": 0.6351333333333333, ""class_index"": 2, ""class_name"": ""Hcc"", ""correct"": 9527, ""support"": 15000}, {""accuracy"": 0.7168, ""class_index"": 3, ""class_name"": ""Hgg"", ""correct"": 10752, ""support"": 15000}, {""accuracy"": 0.7442, ""class_index"": 4, ""class_name"": ""H4q"", ""correct"": 11163, ""support"": 15000}, {""accuracy"": 0.9158666666666667, ""class_index"": 5, ""class_name"": ""Hqql"", ""correct"": 13738, ""support"": 15000}, {""accuracy"": 0.4026, ""class_index"": 6, ""class_name"": ""Zqq"", ""correct"": 6039, ""support"": 15000}, {""accuracy"": 0.7106666666666667, ""class_index"": 7, ""class_name"": ""Wqq"", ""correct"": 10660, ""support"": 15000}, {""accuracy"": 0.8911333333333333, ""class_index"": 8, ""class_name"": ""Tbqq"", ""correct"": 13367, ""support"": 15000}, {""accuracy"": 0.9432, ""class_index"": 9, ""class_name"": ""Tbl"", ""correct"": 14148, ""support"": 15000}]","[[11237, 118, 254, 1234, 445, 19, 474, 824, 321, 74], [111, 11955, 1039, 251, 150, 21, 843, 122, 476, 32], [463, 576, 9527, 1076, 1068, 64, 961, 680, 566, 19], [1005, 285, 495, 10752, 1551, 11, 419, 282, 193, 7], [384, 75, 538, 1756, 11163, 40, 230, 335, 477, 2], [139, 5, 108, 28, 69, 13738, 131, 343, 19, 420], [1092, 994, 667, 659, 540, 75, 6039, 4697, 215, 22], [1352, 38, 253, 289, 405, 97, 1686, 10660, 200, 20], [261, 268, 300, 106, 565, 29, 34, 52, 13367, 18], [138, 39, 10, 5, 3, 590, 16, 15, 36, 14148]]"
F5,model_val,zero,0.7512266666666667,0.6940538494269053,0.6940538494324684,0.7512266666666668,,150000,18,accuracy,0.7512266666666667,"[""r0p02.delta_log_pt_sum"", ""r0p02.delta_pt_frac"", ""r0p02.missing_pt_frac"", ""r0p02.extra_pt_frac"", ""r0p02.delta_log_energy_sum"", ""r0p02.delta_eta_centroid"", ""r0p02.delta_phi_centroid"", ""r0p02.delta_r_centroid"", ""r0p02.delta_log_n"", ""r0p02.missing_n_frac"", ""r0p02.delta_charged_hadron_frac"", ""r0p02.delta_neutral_hadron_frac"", ""r0p02.delta_photon_frac"", ""r0p02.delta_electron_frac"", ""r0p02.delta_muon_frac"", ""r0p05.delta_log_pt_sum"", ""r0p05.delta_pt_frac"", ""r0p05.missing_pt_frac"", ""r0p05.extra_pt_frac"", ""r0p05.delta_log_energy_sum"", ""r0p05.delta_eta_centroid"", ""r0p05.delta_phi_centroid"", ""r0p05.delta_r_centroid"", ""r0p05.delta_log_n"", ""r0p05.missing_n_frac"", ""r0p05.delta_charged_hadron_frac"", ""r0p05.delta_neutral_hadron_frac"", ""r0p05.delta_photon_frac"", ""r0p05.delta_electron_frac"", ""r0p05.delta_muon_frac"", ""r0p1.delta_log_pt_sum"", ""r0p1.delta_pt_frac"", ""r0p1.missing_pt_frac"", ""r0p1.extra_pt_frac"", ""r0p1.delta_log_energy_sum"", ""r0p1.delta_eta_centroid"", ""r0p1.delta_phi_centroid"", ""r0p1.delta_r_centroid"", ""r0p1.delta_log_n"", ""r0p1.missing_n_frac"", ""r0p1.delta_charged_hadron_frac"", ""r0p1.delta_neutral_hadron_frac"", ""r0p1.delta_photon_frac"", ""r0p1.delta_electron_frac"", ""r0p1.delta_muon_frac"", ""flag.is_merged_token"", ""flag.has_missing_local_activity"", ""flag.has_large_local_shift"", ""local_reliability_score"", ""target_uncertainty_scale""]",/home/ryreu/atlas/Fresh_check/checkpoints/local_particle_residual_field_hltv2_s2p5_pilot_20260714_155824/taggers/F5/best_model_val.pt,False,"[{""accuracy"": 0.7346666666666667, ""class_index"": 0, ""class_name"": ""QCD"", ""correct"": 11020, ""support"": 15000}, {""accuracy"": 0.8224, ""class_index"": 1, ""class_name"": ""Hbb"", ""correct"": 12336, ""support"": 15000}, {""accuracy"": 0.6467333333333334, ""class_index"": 2, ""class_name"": ""Hcc"", ""correct"": 9701, ""support"": 15000}, {""accuracy"": 0.7253333333333334, ""class_index"": 3, ""class_name"": ""Hgg"", ""correct"": 10880, ""support"": 15000}, {""accuracy"": 0.7299333333333333, ""class_index"": 4, ""class_name"": ""H4q"", ""correct"": 10949, ""support"": 15000}, {""accuracy"": 0.9168666666666667, ""class_index"": 5, ""class_name"": ""Hqql"", ""correct"": 13753, ""support"": 15000}, {""accuracy"": 0.41846666666666665, ""class_index"": 6, ""class_name"": ""Zqq"", ""correct"": 6277, ""support"": 15000}, {""accuracy"": 0.6922666666666667, ""class_index"": 7, ""class_name"": ""Wqq"", ""correct"": 10384, ""support"": 15000}, {""accuracy"": 0.8722, ""class_index"": 8, ""class_name"": ""Tbqq"", ""correct"": 13083, ""support"": 15000}, {""accuracy"": 0.9534, ""class_index"": 9, ""class_name"": ""Tbl"", ""correct"": 14301, ""support"": 15000}]","[[11020, 105, 309, 1168, 454, 62, 576, 888, 290, 128], [130, 12336, 912, 342, 116, 22, 621, 100, 358, 63], [359, 757, 9701, 1099, 932, 81, 956, 634, 446, 35], [938, 270, 630, 10880, 1338, 9, 490, 294, 145, 6], [327, 89, 633, 1874, 10949, 55, 318, 335, 416, 4], [115, 17, 100, 19, 53, 13753, 126, 305, 25, 487], [995, 1342, 781, 617, 453, 87, 6277, 4225, 179, 44], [1177, 47, 271, 259, 381, 152, 2154, 10384, 157, 18], [291, 370, 381, 149, 561, 18, 39, 63, 13083, 45], [88, 41, 12, 7, 0, 512, 16, 10, 13, 14301]]"
F5,stack_val,zero,0.7488533333333334,0.6994306687323253,0.6994306687355042,0.7488533333333334,,150000,18,accuracy,0.7512266666666667,"[""r0p02.delta_log_pt_sum"", ""r0p02.delta_pt_frac"", ""r0p02.missing_pt_frac"", ""r0p02.extra_pt_frac"", ""r0p02.delta_log_energy_sum"", ""r0p02.delta_eta_centroid"", ""r0p02.delta_phi_centroid"", ""r0p02.delta_r_centroid"", ""r0p02.delta_log_n"", ""r0p02.missing_n_frac"", ""r0p02.delta_charged_hadron_frac"", ""r0p02.delta_neutral_hadron_frac"", ""r0p02.delta_photon_frac"", ""r0p02.delta_electron_frac"", ""r0p02.delta_muon_frac"", ""r0p05.delta_log_pt_sum"", ""r0p05.delta_pt_frac"", ""r0p05.missing_pt_frac"", ""r0p05.extra_pt_frac"", ""r0p05.delta_log_energy_sum"", ""r0p05.delta_eta_centroid"", ""r0p05.delta_phi_centroid"", ""r0p05.delta_r_centroid"", ""r0p05.delta_log_n"", ""r0p05.missing_n_frac"", ""r0p05.delta_charged_hadron_frac"", ""r0p05.delta_neutral_hadron_frac"", ""r0p05.delta_photon_frac"", ""r0p05.delta_electron_frac"", ""r0p05.delta_muon_frac"", ""r0p1.delta_log_pt_sum"", ""r0p1.delta_pt_frac"", ""r0p1.missing_pt_frac"", ""r0p1.extra_pt_frac"", ""r0p1.delta_log_energy_sum"", ""r0p1.delta_eta_centroid"", ""r0p1.delta_phi_centroid"", ""r0p1.delta_r_centroid"", ""r0p1.delta_log_n"", ""r0p1.missing_n_frac"", ""r0p1.delta_charged_hadron_frac"", ""r0p1.delta_neutral_hadron_frac"", ""r0p1.delta_photon_frac"", ""r0p1.delta_electron_frac"", ""r0p1.delta_muon_frac"", ""flag.is_merged_token"", ""flag.has_missing_local_activity"", ""flag.has_large_local_shift"", ""local_reliability_score"", ""target_uncertainty_scale""]",/home/ryreu/atlas/Fresh_check/checkpoints/local_particle_residual_field_hltv2_s2p5_pilot_20260714_155824/taggers/F5/best_model_val.pt,False,"[{""accuracy"": 0.7303333333333333, ""class_index"": 0, ""class_name"": ""QCD"", ""correct"": 10955, ""support"": 15000}, {""accuracy"": 0.8164666666666667, ""class_index"": 1, ""class_name"": ""Hbb"", ""correct"": 12247, ""support"": 15000}, {""accuracy"": 0.6416666666666667, ""class_index"": 2, ""class_name"": ""Hcc"", ""correct"": 9625, ""support"": 15000}, {""accuracy"": 0.7237333333333333, ""class_index"": 3, ""class_name"": ""Hgg"", ""correct"": 10856, ""support"": 15000}, {""accuracy"": 0.7282, ""class_index"": 4, ""class_name"": ""H4q"", ""correct"": 10923, ""support"": 15000}, {""accuracy"": 0.9186, ""class_index"": 5, ""class_name"": ""Hqql"", ""correct"": 13779, ""support"": 15000}, {""accuracy"": 0.4188, ""class_index"": 6, ""class_name"": ""Zqq"", ""correct"": 6282, ""support"": 15000}, {""accuracy"": 0.69, ""class_index"": 7, ""class_name"": ""Wqq"", ""correct"": 10350, ""support"": 15000}, {""accuracy"": 0.8704666666666667, ""class_index"": 8, ""class_name"": ""Tbqq"", ""correct"": 13057, ""support"": 15000}, {""accuracy"": 0.9502666666666667, ""class_index"": 9, ""class_name"": ""Tbl"", ""correct"": 14254, ""support"": 15000}]","[[10955, 107, 309, 1210, 449, 69, 556, 938, 274, 133], [115, 12247, 949, 351, 152, 20, 627, 121, 363, 55], [360, 814, 9625, 1107, 919, 77, 958, 628, 485, 27], [946, 251, 539, 10856, 1435, 19, 485, 300, 160, 9], [322, 96, 647, 1916, 10923, 49, 295, 334, 412, 6], [111, 12, 98, 32, 51, 13779, 130, 301, 25, 461], [984, 1258, 746, 592, 472, 108, 6282, 4351, 178, 29], [1226, 48, 279, 226, 360, 189, 2126, 10350, 163, 33], [268, 344, 432, 160, 593, 27, 37, 43, 13057, 39], [91, 30, 12, 5, 4, 547, 19, 13, 25, 14254]]"
